tstamp,JD Vance,Alexandria Ocasio-Cortez,Jon Ossoff,Gavin Newsom,Marco Rubio,Pete Buttigieg
2024-11-07 07:05:12.076310,0.14884241324777753,0.007956637646455269,0.01895551909890814,0.07582207639563256,,0.03791103819781628
2024-11-08 07:05:05.146071,0.17482854891595814,0.008093914301664729,0.019282560542201267,0.09365815120497759,,0.043707137228989536
2024-11-09 07:05:17.629709,0.17827093993883814,0.007923152886170582,0.01887574658175933,0.09168219768283102,,0.04278502558532115
2024-11-10 07:05:05.443931,0.1675320619498351,0.007445869419992671,0.01773868891233548,0.08615934614562948,,0.04020769486796042
2024-11-11 07:05:16.961544,0.17149779573868884,0.007410398581301369,0.017654184855453264,0.08574889786934442,,0.040016152339027396
2024-11-12 07:05:06.089193,0.17149779573868884,0.007410398581301369,0.017654184855453264,0.08574889786934442,,0.040016152339027396
2024-11-13 07:05:05.789526,0.17339192149102978,0.007278179420611125,0.017339192149102976,0.07860433774260016,,0.03930216887130008
2024-11-14 07:05:05.726405,0.17579347584708507,0.0073789854059270275,0.017579347584708506,0.0796930423840119,,0.03984652119200595
2024-11-15 07:05:05.944077,0.17751834550430337,0.016765621519850872,0.017751834550430338,0.07544529683932893,,0.0402374916476421
2024-11-16 07:05:05.515961,0.17736165811619461,0.01675082326652949,0.01773616581161946,0.07537870469938271,,0.04020197583967078
2024-11-17 19:00:05.695945,0.1774197137817849,0.017249138839895754,0.018263794065771975,0.0730551762630879,,0.04139793321574981
2024-11-18 07:05:05.683922,0.18109628682473988,0.017606583441294156,0.018642264820193814,0.07456905928077526,,0.042255800259105976
2024-11-19 07:05:05.781615,0.1821530865190919,0.017709327856022822,0.018751053024024165,0.07500421209609666,,0.042502386854454774
2024-11-20 07:05:05.240059,0.17695553071366363,0.017695553071366363,0.018736467957917325,0.0749458718316693,,0.04246932737127927
2024-11-21 07:05:04.907510,0.17580186796108094,0.01758018679610809,0.018614315431173274,0.0744572617246931,,0.04219244831065942
2024-11-22 07:05:04.828887,0.18122823865875334,0.01761941209182324,0.01865584809722461,0.07462339238889844,,0.042286589020375784
2024-11-23 07:05:05.192664,0.17895617566159552,0.017398517078210676,0.018421959259281893,0.07368783703712757,,0.041756440987705624
2024-11-24 07:05:04.775427,0.17895617566159552,0.017398517078210676,0.018421959259281893,0.07368783703712757,,0.041756440987705624
2024-11-25 07:05:17.143640,0.18530512554620854,0.017501039634919693,0.01853051255462085,0.07000415853967877,,0.042002495123807264
2024-11-26 07:05:05.216793,0.1829916001310427,0.017282540012376252,0.01829916001310427,0.06913016004950501,,0.04147809602970301
2024-11-27 07:05:05.312457,0.1829916001310427,0.017282540012376252,0.01829916001310427,0.06913016004950501,,0.04147809602970301
2024-11-28 07:05:04.931556,0.18242221271871925,0.017228764534545707,0.018242221271871924,0.06891505813818283,,0.0413490348829097
2024-11-29 07:05:05.932481,0.1831722580974889,0.015189894573938104,0.01831722580974889,0.06919840861460691,,0.04151904516876415
2024-11-30 07:05:05.054666,0.1831722580974889,0.015189894573938104,0.01831722580974889,0.06919840861460691,,0.04151904516876415
2024-12-01 07:05:16.825738,0.18158099111003165,0.02374520652977337,0.018158099111003165,0.06859726330823418,,0.041158357984940504
2024-12-02 07:05:05.880455,0.18158099111003165,0.02374520652977337,0.018158099111003165,0.06859726330823418,,0.041158357984940504
2024-12-03 07:05:05.344023,0.18353049827753892,0.024000142082447398,0.018353049827753893,0.062400369414363235,,0.03466687189686846
2024-12-04 07:05:06.159685,0.18604732785612602,0.02432926595041648,0.0186047327856126,0.06325609147108285,,0.03514227303949047
2024-12-05 07:05:05.450624,0.18527934295642362,0.024228837155840014,0.01852793429564236,0.06299497660518404,,0.029997607907230488
2024-12-05 09:23:56.013067,0.18527934295642362,0.024228837155840014,0.01852793429564236,0.06299497660518404,,0.029997607907230488
2024-12-06 07:05:04.575552,0.18497042970372382,0.02418844080741004,0.01849704297037238,0.0628899460992661,,0.0299475933806029
2024-12-07 07:05:05.989688,0.18497042970372382,0.02418844080741004,0.01849704297037238,0.0628899460992661,,0.0299475933806029
2024-12-08 07:05:04.931980,0.1769445901784836,0.024500020178559265,0.018735309548310028,0.0637000524642541,,0.03033335831631147
2024-12-09 07:05:04.979698,0.1769445901784836,0.024500020178559265,0.018735309548310028,0.0637000524642541,,0.03033335831631147
2024-12-10 07:05:04.880455,0.1750461890521801,0.0273985339386021,0.018534302370230835,0.06301662805878483,,0.03000791812323087
2024-12-11 07:05:17.315671,0.17597818340022825,0.024366210009262375,0.01863298412473005,0.06335214602408216,,0.030167688582896268
2024-12-12 07:05:05.981390,0.17597818340022825,0.024366210009262375,0.01863298412473005,0.06335214602408216,,0.030167688582896268
2024-12-13 07:05:04.673260,0.17597818340022825,0.024366210009262375,0.01863298412473005,0.06335214602408216,,0.030167688582896268
2024-12-14 07:05:05.544750,0.17597818340022825,0.024366210009262375,0.01863298412473005,0.06335214602408216,,0.030167688582896268
2024-12-15 07:05:05.355036,0.1760622006099685,0.024377843161380253,0.0186418800645849,0.06338239221958866,,0.030182091533137452
2024-12-16 07:05:05.052193,0.17606220060996852,0.024377843161380256,0.0186418800645849,0.06338239221958866,,0.030182091533137455
2024-12-17 07:05:13.057170,0.1800307122754658,0.024927329391987572,0.01906207541740226,0.06481105641916769,,0.030862407818651277
2024-12-17 16:26:28.245824,0.18051515857471637,0.024994406571883804,0.019113369731440556,0.06498545708689789,,0.03094545575566566
2024-12-18 07:05:05.744389,0.18051515857471637,0.024994406571883804,0.019113369731440556,0.06498545708689789,,0.03094545575566566
2024-12-19 07:05:06.745096,0.18546386141275706,0.024966289036332683,0.019091868086607344,0.06491235149446498,,0.030910643568792844
2024-12-20 07:05:04.958646,0.18239444586997547,0.0245530984824967,0.0187758988395563,0.06719795374156991,,0.03546558669693967
2024-12-21 07:05:05.580004,0.1818121781765729,0.027667070592087176,0.01871595951817662,0.06698343406505317,,0.03535236797877806
2024-12-22 07:05:04.869829,0.17768708420488727,0.02781189144076496,0.018813926562870415,0.06396735031375941,,0.03553741684097745
2024-12-23 07:05:05.171232,0.1782591292299413,0.027901428922947332,0.01887449603611143,0.06417328652277887,,0.03565182584598826
2024-12-24 07:05:05.195755,0.18877300166541033,0.02468570021778443,0.018877300166541034,0.06418282056623952,,0.03565712253679973
2024-12-25 07:05:06.051479,0.18785956554518016,0.024566250878985098,0.018785956554518014,0.06387225228536125,,0.03548458460297847
2024-12-26 07:05:05.547414,0.18954747890022666,0.02478697801002964,0.018954747890022668,0.06444614282607707,,0.035803412681153925
2024-12-27 07:05:05.772866,0.19229989997193378,0.025146909996329802,0.019229989997193376,0.06538196599045748,,0.03269098299522874
2024-12-28 07:05:05.185965,0.19229989997193378,0.025146909996329802,0.019229989997193376,0.06538196599045748,,0.03269098299522874
2024-12-29 07:05:04.751112,0.19229989997193378,0.025146909996329802,0.019229989997193376,0.06538196599045748,,0.03269098299522874
2024-12-30 07:05:10.070278,0.1835777939408201,0.025418463776421246,0.019437648770204482,0.06608800581869524,,0.03304400290934762
2024-12-31 07:05:05.126348,0.18433351568132433,0.021406472788798956,0.01951766636625787,0.06636006564527676,,0.03318003282263838
2025-01-01 07:05:11.383683,0.1858637802793913,0.021584180935671247,0.019679694382523785,0.06691096090058087,,0.03345548045029043
2025-01-02 07:05:05.364148,0.18628602203877345,0.021633215462567235,0.019724402333517188,0.06706296793395844,,0.03353148396697922
2025-01-03 07:12:17.393638,0.18628602203877345,0.021633215462567235,0.019724402333517188,0.06706296793395844,,0.03353148396697922
2025-01-04 07:05:05.040005,0.18696364789665723,0.02171190749767632,0.019796150953763705,0.0673069132427966,,0.0336534566213983
2025-01-05 07:05:12.536509,0.18696364789665723,0.02171190749767632,0.019796150953763705,0.0673069132427966,,0.0336534566213983
2025-01-06 07:05:05.733731,0.18774756284230074,0.021802942781686537,0.019879153712714193,0.06758912262322826,,0.03379456131161413
2025-01-06 08:39:03.254128,0.18774756284230074,0.021802942781686537,0.019879153712714193,0.06758912262322826,,0.03379456131161413
2025-01-07 07:05:04.580674,0.18774756284230074,0.021802942781686537,0.019879153712714193,0.06758912262322826,,0.03379456131161413
2025-01-08 07:05:17.096511,0.1861451252185006,0.021616853251180713,0.019709483846664766,0.06701224507866022,,0.03350612253933011
2025-01-09 07:05:05.642021,0.18920907700972409,0.02197266700758086,0.020033902271617842,0.05239635978730821,,0.034057633861750335
2025-01-10 07:05:05.316789,0.1906106771461174,0.022135433475032988,0.02018230699194184,0.03812213542922348,,0.03812213542922348
2025-01-11 07:05:05.360001,0.18916837665139127,0.021967940514355112,0.020029592821912016,0.0454004103963339,,0.037833675330278246
2025-01-12 07:05:05.029035,0.1914447666686498,0.02223229548410126,0.020270622353151153,0.04594674400047594,,0.03446005800035696
2025-01-13 07:05:05.502776,0.1891724796522233,0.021968416991871093,0.020030027257294233,0.04540139511653359,,0.0340510463374002
2025-01-14 07:05:15.694957,0.18833599646838695,0.02187127700923203,0.01994145844959391,0.04520063915241286,,0.03390047936430965
2025-01-15 07:05:05.707686,0.18833599646838695,0.02187127700923203,0.01994145844959391,0.04520063915241286,,0.03390047936430965
2025-01-16 07:05:06.192260,0.18424949096737253,0.02139671508008197,0.019508769631839444,0.04421987783216941,,0.04421987783216941
2025-01-17 07:05:05.308430,0.18424949096737253,0.02139671508008197,0.019508769631839444,0.04421987783216941,,0.04421987783216941
2025-01-18 07:05:05.450383,0.1864470423637002,0.02165191459707486,0.019741451544391782,0.04474729016728804,,0.03728940847274003
2025-01-19 07:05:06.100847,0.19075792213439438,0.021537184757109043,0.01963684492559942,0.044510181831358686,,0.03709181819279891
2025-01-20 07:05:05.550631,0.19075792213439438,0.021537184757109043,0.01963684492559942,0.044510181831358686,,0.03709181819279891
2025-01-21 07:05:04.948318,0.19075792213439438,0.021537184757109043,0.01963684492559942,0.044510181831358686,,0.03709181819279891
2025-01-22 07:05:05.445599,0.19075792213439438,0.021537184757109043,0.01963684492559942,0.044510181831358686,,0.03709181819279891
2025-01-23 07:05:05.899746,0.19075792213439438,0.021537184757109043,0.01963684492559942,0.044510181831358686,,0.03709181819279891
2025-01-24 07:05:05.459629,0.19075792213439438,0.021537184757109043,0.01963684492559942,0.044510181831358686,,0.03709181819279891
2025-01-25 07:05:11.886398,0.19075792213439438,0.021537184757109043,0.01963684492559942,0.044510181831358686,,0.03709181819279891
2025-01-26 07:05:05.240304,0.19075792213439438,0.021537184757109043,0.01963684492559942,0.044510181831358686,,0.03709181819279891
2025-01-27 07:05:05.151371,0.19075792213439438,0.021537184757109043,0.01963684492559942,0.044510181831358686,,0.03709181819279891
2025-01-28 07:05:05.712746,0.19075792213439438,0.021537184757109043,0.01963684492559942,0.044510181831358686,,0.03709181819279891
2025-01-29 07:05:04.735179,0.19075792213439438,0.021537184757109043,0.01963684492559942,0.044510181831358686,,0.03709181819279891
2025-01-30 07:05:05.781977,0.19075792213439438,0.021537184757109043,0.01963684492559942,0.044510181831358686,,0.03709181819279891
2025-01-31 07:05:05.933584,0.19075792213439438,0.021537184757109043,0.01963684492559942,0.044510181831358686,,0.03709181819279891
2025-02-01 07:05:05.045025,0.19075792213439438,0.021537184757109043,0.01963684492559942,0.044510181831358686,,0.03709181819279891
2025-02-02 07:05:05.049653,0.19075792213439438,0.021537184757109043,0.01963684492559942,0.044510181831358686,,0.03709181819279891
2025-02-03 07:05:06.147927,0.19075792213439438,0.021537184757109043,0.01963684492559942,0.044510181831358686,,0.03709181819279891
2025-02-04 07:05:05.299426,0.19075792213439438,0.021537184757109043,0.01963684492559942,0.044510181831358686,,0.03709181819279891
2025-02-04 08:36:55.940890,0.19075792213439438,0.021537184757109043,0.01963684492559942,0.044510181831358686,,0.03709181819279891
2025-02-05 07:05:05.579756,0.19075792213439438,0.021537184757109043,0.01963684492559942,0.044510181831358686,,0.03709181819279891
2025-02-06 07:05:05.225543,0.19075792213439438,0.021537184757109043,0.01963684492559942,0.044510181831358686,,0.03709181819279891
2025-02-07 07:05:05.343188,0.19075792213439438,0.021537184757109043,0.01963684492559942,0.044510181831358686,,0.03709181819279891
2025-02-08 07:05:05.385471,0.188292936011038,0.02125887987221397,0.019383096354077443,0.043935018402575535,,0.036612515335479615
2025-02-09 07:05:05.679736,0.188292936011038,0.02125887987221397,0.019383096354077443,0.043935018402575535,,0.036612515335479615
2025-02-10 07:05:05.026450,0.188292936011038,0.02125887987221397,0.019383096354077443,0.043935018402575535,,0.036612515335479615
2025-02-11 07:05:06.074395,0.188292936011038,0.02125887987221397,0.019383096354077443,0.043935018402575535,,0.036612515335479615
2025-02-12 07:05:06.059819,0.188292936011038,0.02125887987221397,0.019383096354077443,0.043935018402575535,,0.036612515335479615
2025-02-13 07:05:05.043303,0.188292936011038,0.02125887987221397,0.019383096354077443,0.043935018402575535,,0.036612515335479615
2025-02-14 07:05:04.618616,0.188292936011038,0.02125887987221397,0.019383096354077443,0.043935018402575535,,0.036612515335479615
2025-02-15 07:05:06.431949,0.188292936011038,0.02125887987221397,0.019383096354077443,0.043935018402575535,,0.036612515335479615
2025-02-16 07:05:05.120657,0.188292936011038,0.02125887987221397,0.019383096354077443,0.043935018402575535,,0.036612515335479615
2025-02-17 07:05:05.989395,0.188292936011038,0.02125887987221397,0.019383096354077443,0.043935018402575535,,0.036612515335479615
2025-02-18 07:05:05.272721,0.188292936011038,0.02125887987221397,0.019383096354077443,0.043935018402575535,,0.036612515335479615
2025-02-19 07:05:06.996118,0.188292936011038,0.02125887987221397,0.019383096354077443,0.043935018402575535,,0.036612515335479615
2025-02-20 07:05:05.166783,0.188292936011038,0.02125887987221397,0.019383096354077443,0.043935018402575535,,0.036612515335479615
2025-02-21 07:05:05.402379,0.188292936011038,0.02125887987221397,0.019383096354077443,0.043935018402575535,,0.036612515335479615
2025-02-22 07:05:07.859608,0.188292936011038,0.02125887987221397,0.019383096354077443,0.043935018402575535,,0.036612515335479615
2025-02-23 07:05:05.595084,0.188292936011038,0.02125887987221397,0.019383096354077443,0.043935018402575535,,0.036612515335479615
2025-02-23 14:30:39.715358,0.188292936011038,0.02125887987221397,0.019383096354077443,0.043935018402575535,,0.036612515335479615
2025-02-23 14:32:06.318403,0.188292936011038,0.02125887987221397,0.019383096354077443,0.043935018402575535,,0.036612515335479615
2025-02-24 07:05:08.229845,0.188292936011038,0.02125887987221397,0.019383096354077443,0.043935018402575535,,0.036612515335479615
2025-02-24 18:30:59.935564,0.188292936011038,0.02125887987221397,0.019383096354077443,0.043935018402575535,,0.036612515335479615
2025-02-24 18:38:05.037763,0.188292936011038,0.02125887987221397,0.019383096354077443,0.043935018402575535,,0.036612515335479615
2025-02-25 07:05:07.331934,0.18471263324307216,0.020854652140346857,0.019014535775022136,0.0430996144233835,,0.03591634535281959
2025-02-26 07:05:05.645815,0.18294734369685203,0.0206553452560962,0.018832814792323002,0.042687713529265474,,0.03557309460772123
2025-02-27 07:05:12.767241,0.18294734369685203,0.0206553452560962,0.018832814792323002,0.042687713529265474,,0.03557309460772123
2025-02-27 15:04:15.079694,0.18294734369685203,0.0206553452560962,0.018832814792323002,0.042687713529265474,,0.03557309460772123
2025-02-28 07:05:05.347264,0.18294734369685203,0.0206553452560962,0.018832814792323002,0.042687713529265474,,0.03557309460772123
2025-03-01 07:05:07.085488,0.1778968926175911,0.020085133037469963,0.01831291541651673,0.041509274944104585,,0.03459106245342049
2025-03-02 07:05:05.009195,0.1778968926175911,0.020085133037469963,0.01831291541651673,0.041509274944104585,,0.03459106245342049
2025-03-03 07:05:06.092615,0.1778968926175911,0.020085133037469963,0.01831291541651673,0.041509274944104585,,0.03459106245342049
2025-03-04 07:05:16.682164,0.1778968926175911,0.020085133037469963,0.01831291541651673,0.041509274944104585,,0.03459106245342049
2025-03-05 07:05:05.081612,0.1778968926175911,0.020085133037469963,0.01831291541651673,0.041509274944104585,,0.03459106245342049
2025-03-06 07:05:04.478708,0.1778968926175911,0.020085133037469963,0.01831291541651673,0.041509274944104585,,0.03459106245342049
2025-03-07 07:05:04.919976,0.1778968926175911,0.020085133037469963,0.01831291541651673,0.041509274944104585,,0.03459106245342049
2025-03-08 07:05:05.972098,0.1778968926175911,0.020085133037469963,0.01831291541651673,0.041509274944104585,,0.03459106245342049
2025-03-09 07:05:07.540463,0.1778968926175911,0.020085133037469963,0.01831291541651673,0.041509274944104585,,0.03459106245342049
2025-03-10 07:05:04.915083,0.1778968926175911,0.020085133037469963,0.01831291541651673,0.041509274944104585,,0.03459106245342049
2025-03-11 07:05:06.884561,0.1778968926175911,0.020085133037469963,0.01831291541651673,0.041509274944104585,,0.03459106245342049
2025-03-12 07:05:05.284980,0.1778968926175911,0.020085133037469963,0.01831291541651673,0.041509274944104585,,0.03459106245342049
2025-03-12 15:29:32.895268,0.1778968926175911,0.020085133037469963,0.01831291541651673,0.041509274944104585,,0.03459106245342049
2025-03-13 20:29:25.940660,0.1778968926175911,0.020085133037469963,0.01831291541651673,0.041509274944104585,,0.03459106245342049
2025-03-14 07:05:05.051292,0.1778968926175911,0.020085133037469963,0.01831291541651673,0.041509274944104585,,0.03459106245342049
2025-03-14 13:48:36.244674,0.1778968926175911,0.020085133037469963,0.01831291541651673,0.041509274944104585,,0.03459106245342049
2025-03-15 07:05:04.874024,0.17680692323315944,0.019962071977937357,0.018200712685766413,0.04125494875440387,,0.034379123962003225
2025-03-15 17:10:07.757000,0.17680692323315944,0.019962071977937357,0.018200712685766413,0.04125494875440387,,0.034379123962003225
2025-03-16 07:05:08.135540,0.17680692323315944,0.019962071977937357,0.018200712685766413,0.04125494875440387,,0.034379123962003225
2025-03-16 17:11:44.491718,0.17680692323315944,0.019962071977937357,0.018200712685766413,0.04125494875440387,,0.034379123962003225
2025-03-16 17:12:32.982172,0.17680692323315944,0.019962071977937357,0.018200712685766413,0.04125494875440387,,0.034379123962003225
2025-03-17 07:05:05.126391,0.17680692323315944,0.019962071977937357,0.018200712685766413,0.04125494875440387,,0.034379123962003225
2025-03-18 07:05:07.001044,0.17680692323315944,0.019962071977937357,0.018200712685766413,0.04125494875440387,,0.034379123962003225
2025-03-18 17:08:19.440397,0.17680692323315944,0.019962071977937357,0.018200712685766413,0.04125494875440387,,0.034379123962003225
2025-03-18 17:32:15.487215,0.17680692323315944,0.019962071977937357,0.018200712685766413,0.04125494875440387,,0.034379123962003225
2025-03-19 07:05:05.541894,0.17680692323315944,0.019962071977937357,0.018200712685766413,0.04125494875440387,,0.034379123962003225
2025-03-20 07:05:16.249607,0.17680692323315944,0.019962071977937357,0.018200712685766413,0.04125494875440387,,0.034379123962003225
2025-03-20 13:49:57.228442,0.17680692323315944,0.019962071977937357,0.018200712685766413,0.04125494875440387,,0.034379123962003225
2025-03-21 07:05:06.284994,0.17680692323315944,0.019962071977937357,0.018200712685766413,0.04125494875440387,,0.034379123962003225
2025-03-21 10:56:17.727859,0.17680692323315944,0.019962071977937357,0.018200712685766413,0.04125494875440387,,0.034379123962003225
2025-03-21 15:24:30.746244,0.17680692323315944,0.019962071977937357,0.018200712685766413,0.04125494875440387,,0.034379123962003225
2025-03-23 06:19:42.514270,0.17680692323315944,0.019962071977937357,0.018200712685766413,0.04125494875440387,,0.034379123962003225
2025-03-23 12:12:38.274099,0.17680692323315944,0.019962071977937357,0.018200712685766413,0.04125494875440387,,0.034379123962003225
2025-03-23 12:29:28.405786,0.17680692323315944,0.019962071977937357,0.018200712685766413,0.04125494875440387,,0.034379123962003225
2025-03-23 12:35:06.960886,0.17680692323315944,0.019962071977937357,0.018200712685766413,0.04125494875440387,,0.034379123962003225
2025-03-24 18:39:49.267510,0.17680692323315944,0.019962071977937357,0.018200712685766413,0.04125494875440387,,0.034379123962003225
2025-03-24 20:52:52.142984,0.17680692323315944,0.019962071977937357,0.018200712685766413,0.04125494875440387,,0.034379123962003225
2025-03-25 07:08:14.936000,0.17680692323315944,0.019962071977937357,0.018200712685766413,0.04125494875440387,,0.034379123962003225
2025-03-25 09:24:58.128856,0.17680692323315944,0.019962071977937357,0.018200712685766413,0.04125494875440387,,0.034379123962003225
2025-03-25 20:05:05.091407,0.16913547790536676,0.02045993684339114,0.01865464829838604,0.04228386947634169,,0.03523655789695141
2025-03-26 07:05:05.094372,0.17032066871458143,0.020603306699344525,0.018785367872931773,0.04258016717864536,,0.037570735745863545
2025-03-26 20:05:05.249405,0.16616353927509103,0.02010042813811585,0.01832686094945857,0.04154088481877276,,0.03665372189891714
2025-03-27 07:05:05.185996,0.16288108265671883,0.03393355888681642,0.01796482529302046,0.04698492768943813,,0.03592965058604092
2025-03-27 19:47:25.537522,0.16343567807734327,0.030644189639501863,0.01802599390558933,0.047144907137695174,,0.03605198781117866
2025-03-28 07:05:04.688576,0.16405827036825266,0.030760925694047373,0.018094662172969043,0.04732450106776519,,0.032379921783207755
2025-03-28 08:24:22.227254,0.16405827036825266,0.030760925694047373,0.018094662172969043,0.04732450106776519,,0.032379921783207755
2025-03-28 09:47:27.724982,0.16454030962903113,0.03085130805544334,0.018147828267907846,0.04746355085452821,,0.032475061110992985
2025-03-28 10:10:49.592762,0.16454030962903113,0.03085130805544334,0.018147828267907846,0.04746355085452821,,0.032475061110992985
2025-03-28 10:28:57.683788,0.16454030962903113,0.03085130805544334,0.018147828267907846,0.04746355085452821,,0.032475061110992985
2025-03-28 12:00:51.545395,0.16454030962903113,0.03085130805544334,0.018147828267907846,0.04746355085452821,,0.032475061110992985
2025-03-28 13:13:16.129881,0.16397820494955587,0.03416212603115747,0.018085831428259837,0.04730140527391035,,0.03236411939793866
2025-03-28 13:55:26.587087,0.16397820494955587,0.03416212603115747,0.018085831428259837,0.04730140527391035,,0.03236411939793866
2025-03-29 07:05:03.735324,0.16397820494955587,0.03416212603115747,0.018085831428259837,0.04730140527391035,,0.03236411939793866
2025-03-29 11:09:03.624049,0.16430695024775394,0.03624418020171043,0.018122090100855213,0.04739623564839056,,0.03242900333837249
2025-03-30 07:05:04.972042,0.16493621106413245,0.0325531995521314,0.01819149386736755,0.04757775319157667,,0.0325531995521314
2025-03-30 20:09:43.440853,0.16493621106413245,0.0325531995521314,0.01819149386736755,0.04757775319157667,,0.0325531995521314
2025-03-31 07:05:04.866174,0.16430695024775394,0.03242900333837249,0.018122090100855213,0.04739623564839056,,0.03624418020171043
2025-04-01 07:05:05.042309,0.16380063285249097,0.03232907227351795,0.01806624627049533,0.04725018255360317,,0.03613249254099066
2025-04-01 13:16:16.595636,0.16380063285249097,0.03232907227351795,0.01806624627049533,0.04725018255360317,,0.03613249254099066
2025-04-01 15:55:22.360138,0.16380063285249097,0.03232907227351795,0.01806624627049533,0.04725018255360317,,0.03613249254099066
2025-04-01 17:07:51.125934,0.16380063285249097,0.03232907227351795,0.01806624627049533,0.04725018255360317,,0.03613249254099066
2025-04-02 07:05:04.077584,0.1647272270847892,0.032511952714103134,0.018168444163763516,0.04751746935138151,,0.03633688832752703
2025-04-03 06:47:36.666511,0.16331134158735855,0.036024560644270266,0.018012280322135133,0.04710904084250728,,0.04082783539683964
2025-04-03 07:05:05.717178,0.16331134158735855,0.036024560644270266,0.018012280322135133,0.04710904084250728,,0.04082783539683964
2025-04-03 10:48:58.717735,0.16331134158735855,0.036024560644270266,0.018012280322135133,0.04710904084250728,,0.04082783539683964
2025-04-03 15:14:27.573085,0.15468322808184296,0.036396053666315986,0.018198026833157993,0.047594839409797834,,0.04124886082182479
2025-04-03 16:50:10.497941,0.15468322808184296,0.036396053666315986,0.018198026833157993,0.047594839409797834,,0.04124886082182479
2025-04-04 07:05:06.275953,0.15468322808184296,0.036396053666315986,0.018198026833157993,0.047594839409797834,,0.04124886082182479
2025-04-04 17:50:38.545320,0.1549373766881702,0.036455853338392984,0.018227926669196492,0.04767303898097545,,0.04131663378351205
2025-04-05 07:05:03.676778,0.1539728636462005,0.03622890909322365,0.018114454546611824,0.047376265737292464,,0.043992246756057285
2025-04-05 07:34:00.444631,0.1539728636462005,0.03622890909322365,0.018114454546611824,0.047376265737292464,,0.043992246756057285
2025-04-05 12:31:53.668472,0.1539728636462005,0.03622890909322365,0.018114454546611824,0.047376265737292464,,0.043992246756057285
2025-04-05 12:33:56.045208,0.1539728636462005,0.03622890909322365,0.018114454546611824,0.047376265737292464,,0.043992246756057285
2025-04-05 12:36:40.315764,0.1539728636462005,0.03622890909322365,0.018114454546611824,0.047376265737292464,,0.043992246756057285
2025-04-05 19:11:49.395418,0.1539728636462005,0.03622890909322365,0.018114454546611824,0.047376265737292464,,0.043992246756057285
2025-04-06 07:05:09.437960,0.14343599261759993,0.04140518986894718,0.018266995530417874,0.04777521907955444,,0.04777521907955444
2025-04-06 12:15:42.154395,0.14343599261759993,0.04140518986894718,0.018266995530417874,0.04777521907955444,,0.04777521907955444
2025-04-07 06:11:50.365152,0.14417913175249988,0.041619709365888304,0.018361636484950723,0.04802274157602497,,0.04459254574916604
2025-04-07 06:13:56.708513,0.14417913175249988,0.041619709365888304,0.018361636484950723,0.04802274157602497,,0.04459254574916604
2025-04-07 07:05:05.498239,0.14417913175249988,0.041619709365888304,0.018361636484950723,0.04802274157602497,,0.04459254574916604
2025-04-08 07:05:06.325302,0.14311548445450795,0.04131266984586796,0.01822617787317704,0.047668465206770726,,0.05164083730733495
2025-04-08 08:16:35.409602,0.14311548445450795,0.04131266984586796,0.01822617787317704,0.047668465206770726,,0.05164083730733495
2025-04-08 11:09:08.327975,0.14311548445450795,0.04131266984586796,0.01822617787317704,0.047668465206770726,,0.05164083730733495
2025-04-08 20:21:58.004833,0.14313382577115766,0.041317964372607506,0.01822851369379743,0.04767457427608559,,0.04767457427608559
2025-04-09 05:58:04.705778,0.14344974810969532,0.04140916062099872,0.01826874733279355,0.04777980071653699,,0.04777980071653699
2025-04-09 07:05:05.076687,0.14436947406977602,0.04167465484814201,0.018385877138886182,0.04808614020939463,,0.04167465484814201
2025-04-09 17:42:09.352930,0.144290106766393,0.04165174415323211,0.01837576947936711,0.048059704792190905,,0.04462686873560583
2025-04-10 06:23:21.521800,0.14809481953490244,0.041466549469772684,0.018294065942546775,0.04784601861896849,,0.04442844586047073
2025-04-10 07:05:05.356464,0.14809481953490244,0.041466549469772684,0.018294065942546775,0.04784601861896849,,0.04442844586047073
2025-04-10 10:22:22.062359,0.14764071373734952,0.04133939984645787,0.018237970520496118,0.0476993075151437,,0.04133939984645787
2025-04-10 14:47:04.601802,0.14764071373734952,0.04133939984645787,0.018237970520496118,0.0476993075151437,,0.04133939984645787
2025-04-11 07:05:05.051680,0.15404110336078536,0.0410776275628761,0.01812248274832769,0.047397262572549344,,0.0410776275628761
2025-04-11 18:01:27.638143,0.15446562755389331,0.041190834014371555,0.018172426771046274,0.04752788540119795,,0.03634485354209255
2025-04-12 07:05:06.339406,0.15457787108402757,0.041220765622407354,0.018185631892238537,0.04756242187200849,,0.03254270970190054
2025-04-13 06:16:08.211468,0.1550588476706296,0.04134902604550123,0.01824221737301525,0.04771041466788604,,0.032643967930658865
2025-04-13 07:05:04.768173,0.1550588476706296,0.04134902604550123,0.01824221737301525,0.04771041466788604,,0.032643967930658865
2025-04-14 05:47:24.187495,0.15617811144335905,0.041647496384895746,0.018373895463924594,0.04805480352103356,,0.03287960240912822
2025-04-14 07:05:05.409694,0.15617811144335905,0.041647496384895746,0.018373895463924594,0.04805480352103356,,0.03287960240912822
2025-04-14 19:11:34.672735,0.15617811144335905,0.041647496384895746,0.018373895463924594,0.04805480352103356,,0.03287960240912822
2025-04-15 06:47:18.476260,0.15605188571938258,0.041613836191835354,0.018359045378750893,0.04801596483673311,,0.034678196826529464
2025-04-15 07:05:05.483077,0.15605188571938258,0.041613836191835354,0.018359045378750893,0.04801596483673311,,0.034678196826529464
2025-04-15 09:18:25.178824,0.15605188571938258,0.041613836191835354,0.018359045378750893,0.04801596483673311,,0.034678196826529464
2025-04-15 13:03:15.693763,0.15605188571938258,0.041613836191835354,0.018359045378750893,0.04801596483673311,,0.034678196826529464
2025-04-15 17:00:59.989317,0.15605188571938258,0.041613836191835354,0.018359045378750893,0.04801596483673311,,0.034678196826529464
2025-04-15 17:03:23.794658,0.15605188571938258,0.041613836191835354,0.018359045378750893,0.04801596483673311,,0.034678196826529464
2025-04-16 06:28:50.766116,0.16474146369627643,0.04118536592406911,0.01817001437826578,0.047521576066233584,,0.03432113827005759
2025-04-16 07:05:06.876370,0.16474146369627643,0.04118536592406911,0.01817001437826578,0.047521576066233584,,0.03432113827005759
2025-04-16 08:40:38.053034,0.1653025664452243,0.04132564161130608,0.018231900710870327,0.04427747315497079,,0.03443803467608839
2025-04-16 11:01:48.240253,0.1649057398436467,0.041226434960911676,0.01818813307099045,0.044171180315262515,,0.0343553624674264
2025-04-16 13:41:16.003821,0.1649057398436467,0.041226434960911676,0.01818813307099045,0.044171180315262515,,0.0343553624674264
2025-04-16 13:45:23.296324,0.1649057398436467,0.041226434960911676,0.01818813307099045,0.044171180315262515,,0.0343553624674264
2025-04-16 16:26:43.870590,0.1649057398436467,0.041226434960911676,0.01818813307099045,0.044171180315262515,,0.0343553624674264
2025-04-17 06:14:32.279820,0.1641065155486825,0.041026628887170624,0.018099983332575273,0.04733841794673534,,0.03418885740597551
2025-04-17 07:05:06.803152,0.1641065155486825,0.041026628887170624,0.018099983332575273,0.04733841794673534,,0.03418885740597551
2025-04-17 07:58:24.580027,0.1641065155486825,0.041026628887170624,0.018099983332575273,0.04733841794673534,,0.03418885740597551
2025-04-17 10:17:47.257484,0.1641065155486825,0.041026628887170624,0.018099983332575273,0.04733841794673534,,0.03418885740597551
2025-04-17 20:32:03.640120,0.16418198707197168,0.04104549676799292,0.018108307397643936,0.04736018857845337,,0.0342045806399941
2025-04-18 07:05:03.924720,0.16327226878499643,0.04081806719624911,0.018007970821874608,0.0470977698418259,,0.03401505599687426
2025-04-19 07:05:07.011943,0.16327226878499643,0.04081806719624911,0.018007970821874608,0.0470977698418259,,0.03401505599687426
2025-04-20 07:05:04.869395,0.16216903105056765,0.04054225776264191,0.017886290189400845,0.04677952818766375,,0.04054225776264191
2025-04-20 11:41:27.091721,0.16216903105056765,0.04054225776264191,0.017886290189400845,0.04677952818766375,,0.04054225776264191
2025-04-21 07:05:04.946803,0.16382953586864782,0.040957383967161955,0.018069434103159688,0.04725851996210995,,0.03071803797537147
2025-04-21 08:00:05.533396,0.16382953586864782,0.040957383967161955,0.018069434103159688,0.04725851996210995,,0.03071803797537147
2025-04-21 16:29:24.885530,0.16382953586864782,0.040957383967161955,0.018069434103159688,0.04725851996210995,,0.03071803797537147
2025-04-22 07:05:04.421665,0.16361161379750017,0.04090290344937504,0.018045398580606636,0.04719565782620197,,0.0340857528744792
2025-04-22 19:16:39.148432,0.16378754305327006,0.040946885763317516,0.01806480254264008,0.047246406649981754,,0.0341224048027646
2025-04-23 07:05:04.166504,0.16459107503387785,0.04114776875846946,0.018153427393442407,0.047478194721310915,,0.03428980729872455
2025-04-23 18:24:32.911819,0.16459107503387785,0.04114776875846946,0.018153427393442407,0.047478194721310915,,0.03428980729872455
2025-04-24 07:05:03.905522,0.16475723661901714,0.041189309154754286,0.018171754038862186,0.04752612594779341,,0.03432442429562857
2025-04-24 07:56:44.938915,0.16475723661901714,0.041189309154754286,0.018171754038862186,0.04752612594779341,,0.03432442429562857
2025-04-24 14:09:23.364971,0.1652694943671446,0.04131737359178615,0.018228253055199775,0.047673892605907105,,0.03443114465982179
2025-04-25 07:05:04.239180,0.1669161458801608,0.0417290364700402,0.008235994040139513,0.04814888823466177,,0.036819738061800174
2025-04-26 07:05:04.627039,0.16509513192200057,0.04422191033625015,0.00814614137773029,0.04762359574673094,,0.04127378298050014
2025-04-26 17:27:16.486700,0.16509513192200057,0.04422191033625015,0.00814614137773029,0.04762359574673094,,0.04127378298050014
2025-04-27 07:05:03.824607,0.16509513192200057,0.04422191033625015,0.00814614137773029,0.04762359574673094,,0.04127378298050014
2025-04-27 16:36:59.801226,0.16388723085067808,0.051214759640836896,0.008086540995921616,0.04727516274538791,,0.04097180771266952
2025-04-28 07:05:04.306983,0.16388723085067808,0.051214759640836896,0.008086540995921616,0.04727516274538791,,0.04097180771266952
2025-04-28 14:31:51.913473,0.16388723085067808,0.051214759640836896,0.008086540995921616,0.04727516274538791,,0.04097180771266952
2025-04-29 07:05:04.514090,0.16311853857808165,0.05097454330565051,0.008048612100892185,0.04705342458983124,,0.04077963464452041
2025-04-29 08:45:19.970033,0.16311853857808165,0.05097454330565051,0.008048612100892185,0.04705342458983124,,0.04077963464452041
2025-04-29 08:46:23.864241,0.16311853857808165,0.05097454330565051,0.008048612100892185,0.04705342458983124,,0.04077963464452041
2025-04-29 08:47:56.135723,0.16311853857808165,0.05097454330565051,0.008048612100892185,0.04705342458983124,,0.04077963464452041
2025-04-29 17:05:35.667187,0.16311853857808165,0.05097454330565051,0.008048612100892185,0.04705342458983124,,0.04077963464452041
2025-04-29 20:32:12.674639,0.16311853857808165,0.05097454330565051,0.008048612100892185,0.04705342458983124,,0.04077963464452041
2025-04-30 07:00:30.701250,0.16311853857808165,0.05097454330565051,0.008048612100892185,0.04705342458983124,,0.04077963464452041
2025-04-30 07:05:03.737382,0.16311853857808165,0.05097454330565051,0.008048612100892185,0.04705342458983124,,0.04077963464452041
2025-04-30 19:45:19.435844,0.16311853857808165,0.05097454330565051,0.008048612100892185,0.04705342458983124,,0.04077963464452041
2025-05-01 07:05:04.436107,0.16311853857808165,0.05097454330565051,0.008048612100892185,0.04705342458983124,,0.04077963464452041
2025-05-01 10:27:20.852079,0.16311853857808165,0.05097454330565051,0.008048612100892185,0.04705342458983124,,0.04077963464452041
2025-05-02 07:05:04.015085,0.16311853857808165,0.05097454330565051,0.008048612100892185,0.04705342458983124,,0.04077963464452041
2025-05-04 11:59:25.100370,0.16329292866797973,0.05102904020874366,0.008057216875064789,0.04710372942345569,,0.04082323216699493
2025-05-04 12:03:01.438240,0.16329292866797973,0.05102904020874366,0.008057216875064789,0.04710372942345569,,0.04082323216699493
2025-05-04 17:52:29.971860,0.16329292866797973,0.05102904020874366,0.008057216875064789,0.04710372942345569,,0.04082323216699493
2025-05-04 20:23:38.377543,0.16329292866797973,0.05102904020874366,0.008057216875064789,0.04710372942345569,,0.04082323216699493
2025-05-04 20:25:09.188766,0.16329292866797973,0.05102904020874366,0.008057216875064789,0.04710372942345569,,0.04082323216699493
2025-05-05 07:05:05.295801,0.1634564782209114,0.0510801494440348,0.008065286754321284,0.04715090717910905,,0.04086411955522785
2025-05-05 18:01:11.529550,0.1634564782209114,0.0510801494440348,0.008065286754321284,0.04715090717910905,,0.04086411955522785
2025-05-05 18:41:49.602919,0.1634564782209114,0.0510801494440348,0.008065286754321284,0.04715090717910905,,0.04086411955522785
2025-05-05 18:44:22.888609,0.1634564782209114,0.0510801494440348,0.008065286754321284,0.04715090717910905,,0.04086411955522785
2025-05-05 18:45:35.735470,0.1634564782209114,0.0510801494440348,0.008065286754321284,0.04715090717910905,,0.04086411955522785
2025-05-05 18:47:15.973552,0.1634564782209114,0.0510801494440348,0.008065286754321284,0.04715090717910905,,0.04086411955522785
2025-05-05 18:47:52.174031,0.1634564782209114,0.0510801494440348,0.008065286754321284,0.04715090717910905,,0.04086411955522785
2025-05-06 06:34:02.764714,0.1634564782209114,0.0510801494440348,0.008065286754321284,0.04715090717910905,,0.04086411955522785
2025-05-06 07:05:06.504057,0.1634564782209114,0.0510801494440348,0.008065286754321284,0.04715090717910905,,0.04086411955522785
2025-05-06 08:25:33.361715,0.1634564782209114,0.0510801494440348,0.008065286754321284,0.04715090717910905,,0.04086411955522785
2025-05-06 16:57:03.978648,0.16298075927575095,0.050931487273672166,0.0080418137800535,0.04701368056031278,,0.04365556052029043
2025-05-06 16:58:12.098678,0.16298075927575095,0.050931487273672166,0.0080418137800535,0.04701368056031278,,0.04365556052029043
2025-05-06 20:40:59.526724,0.16298075927575095,0.050931487273672166,0.0080418137800535,0.04701368056031278,,0.04365556052029043
2025-05-07 07:05:04.616904,0.16298075927575095,0.050931487273672166,0.0080418137800535,0.04701368056031278,,0.04365556052029043
2025-05-07 18:17:02.361291,0.16298075927575095,0.050931487273672166,0.0080418137800535,0.04701368056031278,,0.04365556052029043
2025-05-08 07:05:05.487374,0.16287245328578132,0.05089764165180666,0.008036469734495788,0.04698243844782153,,0.04362654998726285
2025-05-08 19:03:41.367594,0.16287245328578132,0.05089764165180666,0.008036469734495788,0.04698243844782153,,0.04362654998726285
2025-05-09 06:31:50.237415,0.16287245328578132,0.05089764165180666,0.008036469734495788,0.04698243844782153,,0.04362654998726285
2025-05-09 07:05:04.556872,0.16287245328578132,0.05089764165180666,0.008036469734495788,0.04698243844782153,,0.04362654998726285
2025-05-09 10:08:52.389979,0.16287245328578132,0.05089764165180666,0.008036469734495788,0.04698243844782153,,0.04362654998726285
2025-05-09 12:36:33.803102,0.16287245328578132,0.05089764165180666,0.008036469734495788,0.04698243844782153,,0.04362654998726285
2025-05-09 15:37:15.760743,0.16287245328578132,0.05089764165180666,0.008036469734495788,0.04698243844782153,,0.04362654998726285
2025-05-10 07:05:04.059867,0.16287245328578132,0.05089764165180666,0.008036469734495788,0.04698243844782153,,0.04362654998726285
2025-05-11 07:05:05.614575,0.16287245328578132,0.05089764165180666,0.008036469734495788,0.04698243844782153,,0.04362654998726285
2025-05-12 07:05:06.208853,0.16287245328578132,0.05089764165180666,0.008036469734495788,0.04698243844782153,,0.04362654998726285
2025-05-12 18:59:39.927310,0.16287245328578132,0.05089764165180666,0.008036469734495788,0.04698243844782153,,0.04362654998726285
2025-05-13 07:05:05.157687,0.16287245328578132,0.05089764165180666,0.008036469734495788,0.04698243844782153,,0.04362654998726285
2025-05-13 20:30:55.237693,0.16287245328578132,0.05089764165180666,0.008036469734495788,0.04698243844782153,,0.04362654998726285
2025-05-13 20:34:55.627461,0.16287245328578132,0.05089764165180666,0.008036469734495788,0.04698243844782153,,0.04362654998726285
2025-05-14 07:05:05.981007,0.16287245328578132,0.05089764165180666,0.008036469734495788,0.04698243844782153,,0.04362654998726285
2025-05-15 07:05:04.771752,0.1629932345145174,0.050935385785786685,0.008042429334597898,0.04701727918688002,,0.04074830862862935
2025-05-16 07:05:06.570838,0.16309993526514477,0.05096872977035773,0.008047694174267012,0.047048058249560994,,0.04368748266030663
2025-05-17 07:05:03.855568,0.16429621661758387,0.04400791516542425,0.008106721214683414,0.04739313940891843,,0.04400791516542425
2025-05-17 20:33:48.165180,0.16429621661758387,0.04400791516542425,0.008106721214683414,0.04739313940891843,,0.04400791516542425
2025-05-18 07:05:04.340235,0.16429621661758387,0.04400791516542425,0.008106721214683414,0.04739313940891843,,0.04400791516542425
2025-05-18 18:02:06.935306,0.16429621661758387,0.04400791516542425,0.008106721214683414,0.04739313940891843,,0.04400791516542425
2025-05-19 05:49:57.356520,0.16429621661758387,0.04400791516542425,0.008106721214683414,0.04739313940891843,,0.04400791516542425
2025-05-19 07:05:07.245886,0.16429621661758387,0.04400791516542425,0.008106721214683414,0.04739313940891843,,0.04400791516542425
2025-05-20 07:05:04.682955,0.16429621661758387,0.04400791516542425,0.008106721214683414,0.04739313940891843,,0.04400791516542425
2025-05-20 18:26:01.762065,0.16429621661758387,0.04400791516542425,0.008106721214683414,0.04739313940891843,,0.04400791516542425
2025-05-20 19:12:27.656068,0.16429621661758387,0.04400791516542425,0.008106721214683414,0.04739313940891843,,0.04400791516542425
2025-05-20 19:13:22.624651,0.16429621661758387,0.04400791516542425,0.008106721214683414,0.04739313940891843,,0.04400791516542425
2025-05-20 20:14:53.104291,0.16429621661758387,0.04400791516542425,0.008106721214683414,0.04739313940891843,,0.04400791516542425
2025-05-21 07:05:04.139552,0.16429621661758387,0.04400791516542425,0.008106721214683414,0.04739313940891843,,0.04400791516542425
2025-05-22 07:05:04.837540,0.16360269240107309,0.05112584137533533,0.008072501269789789,0.04719308434646339,,0.04382214975028743
2025-05-23 07:05:04.406906,0.16360269240107309,0.05112584137533533,0.008072501269789789,0.04719308434646339,,0.04382214975028743
2025-05-24 07:05:04.266350,0.1640820542913725,0.0512756419660539,0.008096153994640089,0.04733136181481899,,0.04102051357284312
2025-05-25 07:05:06.022439,0.1640820542913725,0.0512756419660539,0.008096153994640089,0.04733136181481899,,0.04102051357284312
2025-05-26 06:11:50.108022,0.16360269240107309,0.05112584137533533,0.008072501269789789,0.04719308434646339,,0.04382214975028743
2025-05-26 07:05:05.254348,0.16360269240107309,0.05112584137533533,0.008072501269789789,0.04719308434646339,,0.04382214975028743
2025-05-27 07:05:04.617323,0.16473669097812488,0.05148021593066403,0.00812845514694695,0.04752019932061295,,0.044125899369140596
2025-05-28 07:05:04.711990,0.16495387412540302,0.05154808566418844,0.008139171420661333,0.04758284830540472,,0.044184073426447236
2025-05-29 07:05:04.746191,0.16459219781663217,0.051435061817697546,0.008121325550162772,0.04747851860095159,,0.044087195843740754
2025-05-30 07:05:04.596163,0.16595812628447398,0.051861914463898116,0.008188723336404967,0.04787253642821365,,0.0444530695404841
2025-05-31 07:05:04.171857,0.1664090462214068,0.05200282694418962,0.008210972675398361,0.04800260948694427,,0.04457385166644825
2025-06-01 07:05:04.270774,0.1664090462214068,0.05200282694418962,0.008210972675398361,0.04800260948694427,,0.04457385166644825
2025-06-02 07:05:04.661797,0.16757093452930055,0.052365917040406426,0.008268302690590488,0.04833776957575978,,0.04488507174891979
2025-06-02 08:28:59.766713,0.16757093452930055,0.052365917040406426,0.008268302690590488,0.04833776957575978,,0.04488507174891979
2025-06-02 08:31:38.087805,0.16757093452930055,0.052365917040406426,0.008268302690590488,0.04833776957575978,,0.04488507174891979
2025-06-03 07:05:06.189580,0.17370996824555704,0.05211299047366711,0.008228366916894807,0.048104298898769646,,0.04466827754885752
2025-06-04 07:05:05.230055,0.17370996824555704,0.05211299047366711,0.008228366916894807,0.048104298898769646,,0.04466827754885752
2025-06-05 07:05:04.889477,0.1735326485345776,0.05205979456037327,0.0082199675621642,0.0480551949788061,,0.04462268105174852
2025-06-06 07:05:05.534501,0.16176276034358147,0.053920920114527156,0.008513829491767447,0.049773157028794306,,0.04621793152673757
2025-06-07 07:05:05.268143,0.17070601924117249,0.0533456310128664,0.008422994370452588,0.0492421209349536,,0.04572482658245691
2025-06-08 07:05:06.136422,0.1691912310483693,0.05767882876648954,0.008348251531991906,0.05287225970261541,,0.04531907974509892
2025-06-09 07:05:05.227713,0.16960897684985535,0.057821242107905235,0.008368863989302073,0.053002805265579794,,0.045430975941925536
2025-06-09 10:48:53.334727,0.16960897684985535,0.057821242107905235,0.008368863989302073,0.053002805265579794,,0.045430975941925536
2025-06-10 07:05:04.736558,0.16960897684985535,0.057821242107905235,0.008368863989302073,0.053002805265579794,,0.045430975941925536
2025-06-11 07:05:05.014972,0.16782988589785763,0.057214733828815104,0.00828107989627587,0.06293620721169661,,0.044954433722640436
2025-06-12 07:05:04.288363,0.16898777097035714,0.05760946737625812,0.008338212383405779,0.06337041411388393,,0.045264581509917086
2025-06-13 07:05:05.936847,0.16759386848018615,0.06284770068006981,0.008269434300009185,0.07393847138831741,,0.04489121477147843
2025-06-14 07:05:04.691163,0.16809694020319213,0.06303635257619705,0.008294256917920665,0.07416041479552594,,0.04202423505079803
2025-06-15 07:05:04.405384,0.16859374310846417,0.06322265366567406,0.00831877021916764,0.07437959254785184,,0.04214843577711604
2025-06-15 08:40:34.500801,0.16859374310846417,0.06322265366567406,0.00831877021916764,0.07437959254785184,,0.04214843577711604
2025-06-16 07:05:04.768025,0.16859374310846417,0.06322265366567406,0.00831877021916764,0.07437959254785184,,0.04214843577711604
2025-06-16 18:14:01.214957,0.16859374310846417,0.06322265366567406,0.00831877021916764,0.07437959254785184,,0.04214843577711604
2025-06-16 18:16:33.396904,0.16859374310846417,0.06322265366567406,0.00831877021916764,0.07437959254785184,,0.04214843577711604
2025-06-17 07:05:05.338936,0.17439341413537734,0.06278162908873584,0.008260740669570504,0.0738607401043951,,0.04185441939249056
2025-06-18 07:05:04.884073,0.17069935886830043,0.06401225957561266,0.008422665733633244,0.07530854067719137,,0.04267483971707511
2025-06-18 18:24:15.692569,0.17069935886830043,0.06401225957561266,0.008422665733633244,0.07530854067719137,,0.04267483971707511
2025-06-19 07:05:06.329263,0.17069935886830043,0.06401225957561266,0.008422665733633244,0.07530854067719137,,0.04267483971707511
2025-06-19 12:42:17.318796,0.17069935886830043,0.06401225957561266,0.008422665733633244,0.07530854067719137,,0.04267483971707511
2025-06-20 07:05:05.221673,0.17069935886830043,0.06401225957561266,0.008422665733633244,0.07530854067719137,,0.04267483971707511
2025-06-21 07:05:05.314541,0.17264965793644188,0.0647436217261657,0.008518897595548119,0.0647436217261657,,0.04316241448411047
2025-06-22 07:05:07.326203,0.17408615386998086,0.06528230770124283,0.008589777329110896,0.06528230770124283,,0.036267948722912675
2025-06-23 07:05:06.214344,0.17432870673174602,0.06537326502440476,0.008601745397947993,0.06537326502440476,,0.03631848056911375
2025-06-24 07:05:05.320795,0.17624903588730545,0.055077823714782946,0.008696498481281519,0.06609338845773954,,0.03671854914318863
2025-06-25 07:05:05.117787,0.1780734420232346,0.051367339045163836,0.008786518520883286,0.060706855235193626,,0.03709863375484054
2025-06-25 14:29:17.149150,0.1780734420232346,0.051367339045163836,0.008786518520883286,0.060706855235193626,,0.03709863375484054
2025-06-26 07:05:04.688327,0.18410176244963078,0.05523052873488923,0.008720609800245667,0.060251485892606434,,0.03682035248992615
2025-06-28 06:13:49.587807,0.18410176244963078,0.05523052873488923,0.008720609800245667,0.060251485892606434,,0.03682035248992615
2025-06-28 07:05:05.846286,0.18410176244963078,0.05523052873488923,0.008720609800245667,0.060251485892606434,,0.03682035248992615
2025-06-29 07:05:04.545417,0.1830125354996403,0.059895011618064105,0.008669014839456646,0.059895011618064105,,0.043923008519913674
2025-06-30 05:39:05.685443,0.1830125354996403,0.059895011618064105,0.008669014839456646,0.059895011618064105,,0.043923008519913674
2025-06-30 07:05:04.806487,0.1830125354996403,0.059895011618064105,0.008669014839456646,0.059895011618064105,,0.043923008519913674
2025-06-30 20:44:22.169041,0.1832698809133488,0.05997923375345961,0.008681204885369153,0.05997923375345961,,0.043984771419203705
2025-07-01 06:33:47.522221,0.1832698809133488,0.05997923375345961,0.008681204885369153,0.05997923375345961,,0.043984771419203705
2025-07-01 07:05:04.278534,0.1832698809133488,0.05997923375345961,0.008681204885369153,0.05997923375345961,,0.043984771419203705
2025-07-02 07:05:04.442570,0.18344756648592925,0.06003738539539503,0.008689621570386122,0.06003738539539503,,0.04402741595662302
2025-07-03 07:05:07.255234,0.18318972217336196,0.059952999984009374,0.008677407892422408,0.059952999984009374,,0.043965533321606874
2025-07-04 07:05:04.772717,0.18318972217336196,0.059952999984009374,0.008677407892422408,0.059952999984009374,,0.043965533321606874
2025-07-05 07:05:06.643390,0.18209799009364475,0.059595705848829186,0.008625694267593697,0.0655552764337121,,0.043703517622474736
2025-07-06 07:05:05.656493,0.17609674502312872,0.060032981257884796,0.008688984129430694,0.06603627938367328,,0.04402418625578218
2025-07-07 07:05:04.500339,0.1754868241312086,0.05982505368109385,0.008658889348579371,0.06927111478863497,,0.04387170603280215
2025-07-07 09:29:00.288198,0.1754868241312086,0.05982505368109385,0.008658889348579371,0.06927111478863497,,0.04387170603280215
2025-07-07 19:55:03.696496,0.1754868241312086,0.05982505368109385,0.008658889348579371,0.06927111478863497,,0.04387170603280215
2025-07-07 19:56:51.020497,0.1754868241312086,0.05982505368109385,0.008658889348579371,0.06927111478863497,,0.04387170603280215
2025-07-08 07:05:04.895503,0.1761131749595545,0.06003858237257541,0.008689794817083282,0.06951835853666626,,0.044028293739888626
2025-07-09 07:05:04.683979,0.1766995037024063,0.06023846717127488,0.00871872551163189,0.06974980409305512,,0.04417487592560158
2025-07-09 07:12:14.861214,0.1766995037024063,0.06023846717127488,0.00871872551163189,0.06974980409305512,,0.04417487592560158
2025-07-09 07:13:32.483615,0.1766995037024063,0.06023846717127488,0.00871872551163189,0.06974980409305512,,0.04417487592560158
2025-07-10 07:05:04.449333,0.1766995037024063,0.06023846717127488,0.00871872551163189,0.06974980409305512,,0.04417487592560158
2025-07-11 07:05:05.605607,0.1766995037024063,0.06023846717127488,0.00871872551163189,0.06974980409305512,,0.04417487592560158
2025-07-12 07:05:04.486553,0.1766995037024063,0.06023846717127488,0.00871872551163189,0.06974980409305512,,0.04417487592560158
2025-07-13 07:05:05.376477,0.1766995037024063,0.06023846717127488,0.00871872551163189,0.06974980409305512,,0.04417487592560158
2025-07-14 07:05:04.926014,0.17821564882459184,0.05569239025768495,0.008793535303844992,0.06683086830922196,,0.04455391220614796
2025-07-14 08:30:02.388542,0.17821564882459184,0.05569239025768495,0.008793535303844992,0.06683086830922196,,0.04455391220614796
2025-07-14 09:14:44.282155,0.17821564882459184,0.05569239025768495,0.008793535303844992,0.06683086830922196,,0.04455391220614796
2025-07-14 11:40:13.075054,0.17821564882459184,0.05569239025768495,0.008793535303844992,0.06683086830922196,,0.04455391220614796
2025-07-15 07:05:05.335874,0.17898241486288466,0.051629542748909046,0.008831369154418652,0.06711840557358176,,0.044745603715721165
2025-07-16 07:05:06.883375,0.17898241486288466,0.051629542748909046,0.008831369154418652,0.06711840557358176,,0.044745603715721165
2025-07-16 08:41:28.120954,0.17898241486288466,0.051629542748909046,0.008831369154418652,0.06711840557358176,,0.044745603715721165
2025-07-17 07:05:05.745825,0.1791929741541174,0.0516902810059954,0.008841758593130791,0.06719736530779402,,0.04479824353852935
2025-07-17 12:48:22.202135,0.1791929741541174,0.0516902810059954,0.008841758593130791,0.06719736530779402,,0.04479824353852935
2025-07-18 07:05:05.139840,0.16989617583481326,0.052275746410711775,0.00894190399130596,0.06795847033392531,,0.045305646889283534
2025-07-19 06:58:03.743174,0.1797990958359686,0.0518651237988371,0.008871665912958977,0.06742466093848823,,0.04494977395899215
2025-07-19 07:05:05.675700,0.1797990958359686,0.0518651237988371,0.008871665912958977,0.06742466093848823,,0.04494977395899215
2025-07-20 07:05:04.893133,0.17790103157176987,0.05559407236617808,0.008778011426238646,0.07412542982157078,,0.04447525789294247
2025-07-21 06:08:36.671816,0.17854817275881893,0.05579630398713091,0.008809942734810144,0.07439507198284122,,0.04463704318970473
2025-07-21 07:05:05.080333,0.17854817275881893,0.05579630398713091,0.008809942734810144,0.07439507198284122,,0.04463704318970473
2025-07-21 10:13:47.107463,0.17854817275881893,0.05579630398713091,0.008809942734810144,0.07439507198284122,,0.04463704318970473
2025-07-22 07:05:06.733675,0.17804254134589137,0.055638294170591046,0.008784993816409114,0.07418439222745474,,0.04768996643193518
2025-07-23 07:05:05.427089,0.1754582542093689,0.05483070444042777,0.008657479648488595,0.07310760592057036,,0.04699774666322381
2025-07-24 07:05:04.806606,0.1754582542093689,0.05483070444042777,0.008657479648488595,0.07310760592057036,,0.04699774666322381
2025-07-25 07:05:05.540377,0.17635984441586985,0.05511245137995933,0.008701966007362,0.07348326850661244,,0.04723924403996514
2025-07-26 07:05:05.687553,0.17660877901297026,0.05519024344155321,0.00871424896445577,0.07358699125540427,,0.04730592294990275
2025-07-27 07:05:04.706598,0.17719751591172384,0.05537422372241369,0.008743298482486372,0.0738322982965516,,0.04746362033349745
2025-07-28 05:44:45.749661,0.1774488225818242,0.05545275705682006,0.008755698482655798,0.07393700940909341,,0.04753093462013148
2025-07-28 07:05:04.748045,0.1774488225818242,0.05545275705682006,0.008755698482655798,0.07393700940909341,,0.04753093462013148
2025-07-29 07:05:05.711443,0.1774488225818242,0.05545275705682006,0.008755698482655798,0.07393700940909341,,0.04753093462013148
2025-07-30 07:05:05.447849,0.1774488225818242,0.05545275705682006,0.008755698482655798,0.07393700940909341,,0.04753093462013148
2025-07-31 07:05:06.173924,0.1774488225818242,0.05545275705682006,0.008755698482655798,0.07393700940909341,,0.04753093462013148
2025-07-31 09:44:25.578214,0.1774488225818242,0.05545275705682006,0.008755698482655798,0.07393700940909341,,0.04753093462013148
2025-07-31 09:50:50.286301,0.1774488225818242,0.05545275705682006,0.008755698482655798,0.07393700940909341,,0.04753093462013148
2025-08-01 07:05:08.996597,0.1759539982180946,0.05498562444315456,0.00868194070155072,0.07331416592420609,,0.047130535236989624
2025-08-02 07:05:05.728954,0.17620178761246474,0.055063058628895226,0.008694167151930825,0.07341741150519364,,0.04719690739619591
2025-08-03 07:05:11.020963,0.17643872151547196,0.055137100473584985,0.008705857969513418,0.07351613396477998,,0.04410968037886799
2025-08-03 09:26:25.969262,0.17643872151547196,0.055137100473584985,0.008705857969513418,0.07351613396477998,,0.04410968037886799
2025-08-04 06:05:02.868232,0.17643872151547196,0.055137100473584985,0.008705857969513418,0.07351613396477998,,0.04410968037886799
2025-08-04 07:05:05.214062,0.1768350700123225,0.055260959378850776,0.008725414638765912,0.07368127917180103,,0.04420876750308062
2025-08-05 07:05:04.671024,0.17643872151547196,0.055137100473584985,0.008705857969513418,0.07351613396477998,,0.04410968037886799
2025-08-06 07:05:05.070391,0.17643872151547196,0.055137100473584985,0.008705857969513418,0.07351613396477998,,0.04410968037886799
2025-08-07 07:05:09.460693,0.1826117621593305,0.054783528647799146,0.008650030839126181,0.0730447048637322,,0.04382682291823932
2025-08-08 07:05:04.817074,0.18222160806790907,0.05466648242037272,0.008631549855848325,0.07288864322716362,,0.04373318593629818
2025-08-09 07:05:08.136998,0.18789954808677942,0.054804034858644,0.009815648034383999,0.07307204647819199,,0.0438432278869152
2025-08-10 07:05:06.103538,0.18734753728226874,0.054643031707328385,0.009786811649073742,0.07285737560977118,,0.04371442536586271
2025-08-11 07:05:04.877551,0.18734753728226874,0.054643031707328385,0.009786811649073742,0.07285737560977118,,0.04371442536586271
2025-08-12 07:05:05.929908,0.18866926298992992,0.05502853503872956,0.00985585702186201,0.07337138005163941,,0.044022828030983646
2025-08-13 07:05:05.663747,0.1877301253733904,0.05973231261880604,0.009806797594132334,0.0730061598674296,,0.04380369592045776
2025-08-14 07:05:04.665543,0.1877301253733904,0.05973231261880604,0.009806797594132334,0.0730061598674296,,0.04380369592045776
2025-08-15 07:05:08.662835,0.18662044232702374,0.05937923164950756,0.009748829076784824,0.07257461646050924,,0.043544769876305546
2025-08-16 07:05:13.762525,0.18668866974106382,0.05940094037215668,0.009752393195428708,0.07687180518749687,,0.03843590259374843
2025-08-17 07:05:04.870117,0.1850972949100377,0.058894593835012006,0.009669261674404956,0.07621653319825082,,0.03810826659912541
2025-08-18 07:05:05.243690,0.1842197579539209,0.05861537753079302,0.009623420191622734,0.0805961441048404,,0.03792759722580724
2025-08-19 06:44:04.725335,0.1842197579539209,0.05861537753079302,0.009623420191622734,0.0805961441048404,,0.03792759722580724
2025-08-19 07:05:04.374968,0.1842197579539209,0.05861537753079302,0.009623420191622734,0.0805961441048404,,0.03792759722580724
2025-08-20 07:05:05.256653,0.18259070235294078,0.05809704165775389,0.009538320272168548,0.09129535117647039,,0.03759220342560545
2025-08-21 07:05:05.024719,0.18310545711976464,0.058260827265379664,0.009565210446554869,0.09155272855988232,,0.04272460666127842
2025-08-22 07:05:05.869471,0.1843678035763033,0.058662482956096516,0.0096311539181651,0.09218390178815165,,0.04301915416780411
2025-08-23 07:05:04.701817,0.1843678035763033,0.058662482956096516,0.0096311539181651,0.09218390178815165,,0.04301915416780411
2025-08-24 07:05:05.188008,0.18477170206904497,0.058790996112877955,0.009652253093159067,0.09238585103452249,,0.04311339714944383
2025-08-25 07:05:06.877625,0.1845173807417785,0.0587100756905659,0.009638967650689922,0.09225869037088925,,0.04305405550641499
2025-08-26 07:05:05.456447,0.19594333905947972,0.05306798766194242,0.009504714208109092,0.09097369313475843,,0.04245439012955394
2025-08-26 09:52:52.681241,0.19594333905947972,0.05306798766194242,0.009504714208109092,0.09097369313475843,,0.04245439012955394
2025-08-27 07:05:04.866762,0.19733966155610255,0.0534461583381111,0.009572446269512437,0.09162198572247618,,0.0356307722254074
2025-08-28 07:05:05.674600,0.19733966155610255,0.0534461583381111,0.009572446269512437,0.09162198572247618,,0.0356307722254074
2025-08-29 07:05:04.988453,0.19733966155610255,0.0534461583381111,0.009572446269512437,0.09162198572247618,,0.0356307722254074
2025-08-30 07:05:05.458656,0.1966043045824437,0.04915107614561093,0.009536775968551374,0.09128056998470599,,0.035497999438496776
2025-08-31 07:05:04.690294,0.19729911847100517,0.049324779617751294,0.009570479627324878,0.09160316214725239,,0.03562345194615371
2025-09-01 06:13:07.333747,0.19729911847100517,0.049324779617751294,0.009570479627324878,0.09160316214725239,,0.03562345194615371
2025-09-01 07:05:03.959749,0.19729911847100517,0.049324779617751294,0.009570479627324878,0.09160316214725239,,0.03562345194615371
2025-09-02 07:05:06.393000,0.1959185982308969,0.04897964955772423,0.009503514093289775,0.09795929911544846,,0.035374191347245273
2025-09-03 07:05:06.040272,0.1959185982308969,0.04897964955772423,0.009503514093289775,0.09795929911544846,,0.035374191347245273
2025-09-04 07:05:05.288085,0.1959185982308969,0.04897964955772423,0.009503514093289775,0.09795929911544846,,0.035374191347245273
2025-09-05 07:05:04.830417,0.1959185982308969,0.04897964955772423,0.009503514093289775,0.09795929911544846,,0.035374191347245273
2025-09-06 07:05:04.910866,0.1959185982308969,0.04897964955772423,0.009503514093289775,0.09795929911544846,,0.035374191347245273
2025-09-07 07:05:05.299389,0.1959185982308969,0.04897964955772423,0.009503514093289775,0.09795929911544846,,0.035374191347245273
2025-09-08 05:58:20.640643,0.1959185982308969,0.04897964955772423,0.009503514093289775,0.09795929911544846,,0.035374191347245273
2025-09-08 07:05:04.345237,0.1959185982308969,0.04897964955772423,0.009503514093289775,0.09795929911544846,,0.035374191347245273
2025-09-09 07:05:05.180998,0.1959185982308969,0.04897964955772423,0.009503514093289775,0.09795929911544846,,0.035374191347245273
2025-09-10 07:05:04.392862,0.1959185982308969,0.04897964955772423,0.009503514093289775,0.09795929911544846,,0.035374191347245273
2025-09-11 07:05:04.742809,0.1959185982308969,0.04897964955772423,0.009503514093289775,0.09795929911544846,,0.035374191347245273
2025-09-12 07:05:05.083309,0.1959185982308969,0.04897964955772423,0.009503514093289775,0.09795929911544846,,0.035374191347245273
2025-09-12 19:14:08.139226,0.1959185982308969,0.04897964955772423,0.009503514093289775,0.09795929911544846,,0.035374191347245273
2025-09-13 07:05:11.717371,0.1959185982308969,0.04897964955772423,0.009503514093289775,0.09795929911544846,,0.035374191347245273
2025-09-14 07:05:05.400767,0.1959185982308969,0.04897964955772423,0.009503514093289775,0.09795929911544846,,0.035374191347245273
2025-09-15 07:05:04.845050,0.1959185982308969,0.04897964955772423,0.009503514093289775,0.09795929911544846,,0.035374191347245273
2025-09-16 07:05:06.390894,0.1959185982308969,0.04897964955772423,0.009503514093289775,0.09795929911544846,,0.035374191347245273
2025-09-17 07:05:06.282783,0.1959185982308969,0.04897964955772423,0.009503514093289775,0.09795929911544846,,0.035374191347245273
2025-09-18 07:05:04.385216,0.1959185982308969,0.04897964955772423,0.009503514093289775,0.09795929911544846,,0.035374191347245273
2025-09-19 07:05:04.614131,0.1959185982308969,0.04897964955772423,0.009503514093289775,0.09795929911544846,,0.035374191347245273
2025-09-19 07:35:38.621752,0.1959185982308969,0.04897964955772423,0.009503514093289775,0.09795929911544846,,0.035374191347245273
2025-09-20 07:05:06.045254,0.1959185982308969,0.04897964955772423,0.009503514093289775,0.09795929911544846,,0.035374191347245273
2025-09-20 11:15:30.162407,0.1959185982308969,0.04897964955772423,0.009503514093289775,0.09795929911544846,,0.035374191347245273
2025-09-21 07:05:04.465623,0.1959185982308969,0.04897964955772423,0.009503514093289775,0.09795929911544846,,0.035374191347245273
2025-09-22 05:46:35.969590,0.1959185982308969,0.04897964955772423,0.009503514093289775,0.09795929911544846,,0.035374191347245273
2025-09-22 07:05:04.983541,0.1959185982308969,0.04897964955772423,0.009503514093289775,0.09795929911544846,,0.035374191347245273
2025-09-23 07:05:04.578200,0.1959185982308969,0.04897964955772423,0.009503514093289775,0.09795929911544846,,0.035374191347245273
2025-09-24 07:05:05.167769,0.1959185982308969,0.04897964955772423,0.009503514093289775,0.09795929911544846,,0.035374191347245273
2025-09-25 07:02:12.307311,0.1959185982308969,0.04897964955772423,0.009503514093289775,0.09795929911544846,,0.035374191347245273
2025-09-25 07:05:04.424529,0.1959185982308969,0.04897964955772423,0.009503514093289775,0.09795929911544846,,0.035374191347245273
2025-09-26 07:05:04.993475,0.1959185982308969,0.04897964955772423,0.009503514093289775,0.09795929911544846,,0.035374191347245273
2025-09-27 07:05:04.475051,0.1959185982308969,0.04897964955772423,0.009503514093289775,0.09795929911544846,,0.035374191347245273
2025-09-28 07:05:04.540543,0.1959185982308969,0.04897964955772423,0.009503514093289775,0.09795929911544846,,0.035374191347245273
2025-09-29 05:35:46.563489,0.1959185982308969,0.04897964955772423,0.009503514093289775,0.09795929911544846,,0.035374191347245273
2025-09-29 07:05:05.236879,0.1959185982308969,0.04897964955772423,0.009503514093289775,0.09795929911544846,,0.035374191347245273
2025-09-30 07:05:04.628169,0.1959185982308969,0.04897964955772423,0.009503514093289775,0.09795929911544846,,0.035374191347245273
2025-10-01 07:05:04.411772,0.19771355276285135,0.0471470779665261,0.00914794050096775,0.1362026696810754,,0.026648348415862576
2025-10-01 16:03:08.000343,0.19771355276285135,0.0471470779665261,0.00914794050096775,0.1362026696810754,,0.026648348415862576
2025-10-02 07:05:05.674286,0.1921708586724243,0.044611092191812786,0.009321720756498194,0.1387900645967509,,0.02402135733405304
2025-10-02 10:08:07.677290,0.1921708586724243,0.044611092191812786,0.009321720756498194,0.1387900645967509,,0.02402135733405304
2025-10-03 07:05:04.086140,0.1921708586724243,0.044611092191812786,0.009321720756498194,0.1387900645967509,,0.02402135733405304
2025-10-04 07:05:06.557306,0.19294615623105785,0.04479107198220985,0.009359328473894596,0.13935000172243064,,0.02411826952888223
2025-10-05 07:05:04.715717,0.19348976104021562,0.044917265955764334,0.009385697363891056,0.13974260519571127,,0.024186220130026952
2025-10-06 07:05:04.661054,0.19348976104021562,0.044917265955764334,0.009385697363891056,0.13974260519571127,,0.024186220130026952
2025-10-06 11:39:57.636938,0.19348976104021562,0.044917265955764334,0.009385697363891056,0.13974260519571127,,0.024186220130026952
2025-10-07 07:05:04.993873,0.19348976104021562,0.044917265955764334,0.009385697363891056,0.13974260519571127,,0.024186220130026952
2025-10-08 07:05:05.225958,0.20231723935843293,0.044798817286510154,0.009360946895688688,0.13937409822469823,,0.024122440077351624
2025-10-09 07:05:07.756257,0.19424752125129566,0.04509317457619363,0.009422454389055385,0.14028987645926908,,0.024280940156411957
2025-10-10 07:05:04.665182,0.19464352533778423,0.045185104096271335,0.009441663542504457,0.1405758794106219,,0.02433044066722303
2025-10-11 07:05:05.170283,0.19464352533778423,0.045185104096271335,0.009441663542504457,0.1405758794106219,,0.02433044066722303
2025-10-12 07:05:04.595932,0.19506211271396,0.04528227616574071,0.009461968154035372,0.14087819251563777,,0.024382764089245
2025-10-13 07:05:05.091551,0.19506211271396,0.04528227616574071,0.009461968154035372,0.14087819251563777,,0.024382764089245
2025-10-14 07:05:04.908503,0.19506211271396,0.04528227616574071,0.009461968154035372,0.14087819251563777,,0.024382764089245
2025-10-15 07:05:04.889276,0.19506211271396,0.04528227616574071,0.009461968154035372,0.14087819251563777,,0.024382764089245
2025-10-16 07:05:04.809754,0.19506211271396,0.04528227616574071,0.009461968154035372,0.14087819251563777,,0.024382764089245
2025-10-17 07:05:12.905228,0.19506211271396,0.04528227616574071,0.009461968154035372,0.14087819251563777,,0.024382764089245
2025-10-18 07:05:05.585114,0.19506211271396,0.04528227616574071,0.009461968154035372,0.14087819251563777,,0.024382764089245
2025-10-18 14:18:20.787993,0.19506211271396,0.04528227616574071,0.009461968154035372,0.14087819251563777,,0.024382764089245
2025-10-19 07:05:05.024678,0.19506211271396,0.04528227616574071,0.009461968154035372,0.14087819251563777,,0.024382764089245
2025-10-20 07:05:04.707126,0.19506211271396,0.04528227616574071,0.009461968154035372,0.14087819251563777,,0.024382764089245
2025-10-20 08:48:21.492806,0.19506211271396,0.04528227616574071,0.009461968154035372,0.14087819251563777,,0.024382764089245
2025-10-20 12:40:10.059908,0.19506211271396,0.04528227616574071,0.009461968154035372,0.14087819251563777,,0.024382764089245
2025-10-21 07:05:04.212176,0.19506211271396,0.04528227616574071,0.009461968154035372,0.14087819251563777,,0.024382764089245
2025-10-21 10:00:31.622657,0.19506211271396,0.04528227616574071,0.009461968154035372,0.14087819251563777,,0.024382764089245
2025-10-21 10:08:53.325023,0.19506211271396,0.04528227616574071,0.009461968154035372,0.14087819251563777,,0.024382764089245
2025-10-21 14:38:06.233509,0.19506211271396,0.04528227616574071,0.009461968154035372,0.14087819251563777,,0.024382764089245
2025-10-21 20:07:11.223851,0.19506211271396,0.04528227616574071,0.009461968154035372,0.14087819251563777,,0.024382764089245
2025-10-22 07:05:05.903956,0.19506211271396,0.04528227616574071,0.009461968154035372,0.14087819251563777,,0.024382764089245
2025-10-23 07:05:05.707154,0.19506211271396,0.04528227616574071,0.009461968154035372,0.14087819251563777,,0.024382764089245
2025-10-24 07:05:05.032058,0.19506211271396,0.04528227616574071,0.009461968154035372,0.14087819251563777,,0.024382764089245
2025-10-25 07:05:03.883177,0.19506211271396,0.04528227616574071,0.009461968154035372,0.14087819251563777,,0.024382764089245
2025-10-26 07:05:05.477610,0.19506211271396,0.04528227616574071,0.009461968154035372,0.14087819251563777,,0.024382764089245
2025-10-26 11:55:00.691878,0.19506211271396,0.04528227616574071,0.009461968154035372,0.14087819251563777,,0.024382764089245
2025-10-27 07:05:04.142431,0.19506211271396,0.04528227616574071,0.009461968154035372,0.14087819251563777,,0.024382764089245
2025-10-27 18:55:50.816974,0.19506211271396,0.04528227616574071,0.009461968154035372,0.14087819251563777,,0.024382764089245
2025-10-28 07:05:05.091520,0.20196406252399196,0.04971423077513649,0.009646044777265288,0.1175063636503226,,0.024857115387568244
2025-10-29 07:05:05.164945,0.2000513071528485,0.0492433986837781,0.009554689296852466,0.12803283657782305,,0.02462169934188905
2025-10-30 07:05:05.712123,0.2000513071528485,0.0492433986837781,0.009554689296852466,0.12803283657782305,,0.02462169934188905
2025-10-30 19:09:46.944942,0.19860391289491416,0.048887117020286565,0.009485560018861573,0.12710650425274508,,0.024443558510143282
2025-10-31 07:05:04.287781,0.19860391289491416,0.048887117020286565,0.009485560018861573,0.12710650425274508,,0.024443558510143282
2025-11-01 07:05:04.060718,0.19234576391393873,0.05289508507633314,0.009473746580835787,0.12694820418319955,,0.02441311618907684
2025-11-02 07:05:04.933305,0.19317276411151382,0.053122510130666295,0.009514479426387994,0.12749402431359913,,0.024518081598769063
2025-11-03 07:05:05.010609,0.19263051276988513,0.052973391011718406,0.009487771524486878,0.12713613842812418,,0.024449257390023883
2025-11-04 07:05:04.281770,0.19369735604169505,0.053266772911466136,0.009540317536381996,0.12784025498751875,,0.02458466442067668
2025-11-04 14:18:55.341641,0.20364903834835218,0.052609334906657645,0.009422567445968534,0.12626240377597836,,0.024281231495380456
2025-11-05 07:05:05.354607,0.20364903834835218,0.052609334906657645,0.009422567445968534,0.12626240377597836,,0.024281231495380456
2025-11-05 08:45:08.294346,0.20364903834835218,0.052609334906657645,0.009422567445968534,0.12626240377597836,,0.024281231495380456
2025-11-05 08:48:55.866063,0.20364903834835218,0.052609334906657645,0.009422567445968534,0.12626240377597836,,0.024281231495380456
2025-11-05 17:16:07.677387,0.19369735604169505,0.053266772911466136,0.009540317536381996,0.12784025498751875,,0.02458466442067668
2025-11-06 07:05:04.798502,0.19276390955118694,0.05782917286535608,0.009494341813715177,0.12722418030378338,,0.02446618851995834
2025-11-07 07:05:05.733945,0.1881611675728301,0.05815890634069294,0.009548477160412273,0.1279495939495245,,0.024605691144139324
2025-11-08 07:05:04.943775,0.18653103357279224,0.06342055141474937,0.009465753942499903,0.12684110282949873,,0.0243925197749036
2025-11-08 14:04:45.934358,0.18217245594200834,0.06376035957970293,0.009516471579060137,0.12752071915940585,,0.024523215222962663
2025-11-09 07:05:04.784392,0.18217245594200834,0.06376035957970293,0.009516471579060137,0.12752071915940585,,0.024523215222962663
2025-11-09 10:28:44.930913,0.18256678262586792,0.06389837391905377,0.00953707073418713,0.12779674783810754,,0.02457629766117453
2025-11-10 07:21:39.126869,0.18840614342953504,0.05823462615094719,0.00956090877105103,0.12811617753208382,,0.02463772644847766
2025-11-10 18:38:23.070326,0.18819474640502418,0.05816928525246202,0.009550181160851972,0.12797242755541643,,0.02461008222219547
2025-11-10 18:51:29.365124,0.18819474640502418,0.05816928525246202,0.009550181160851972,0.12797242755541643,,0.02461008222219547
2025-11-11 07:05:04.514274,0.18762061284964862,0.05799182578989139,0.009521046025206049,0.12758201673776107,,0.024535003218800207
2025-11-11 20:11:05.937186,0.18721604982116183,0.057866779035631845,0.009500515961073885,0.12730691387839005,,0.024482098822767317
2025-11-12 07:05:06.597202,0.18721604982116183,0.057866779035631845,0.009500515961073885,0.12730691387839005,,0.024482098822767317
2025-11-13 07:05:04.073787,0.17867352210982146,0.0584749708723052,0.00960036835216951,0.12864493591907145,,0.024739410753667587
2025-11-14 07:05:04.618438,0.18324231061444343,0.0583043715591411,0.009572359509709732,0.12826961743011042,,0.02466723412117508
2025-11-15 07:05:06.158120,0.18474661140454696,0.05878301271962858,0.009650942386804693,0.1293226279831829,,0.024869736150612096
2025-11-16 07:05:04.705420,0.1891525326386929,0.058465328270141434,0.00959878523838143,0.12862372219431117,,0.024735331191213687
2025-11-17 07:05:04.674666,0.19045243370124024,0.05886711587129244,0.009664750366928609,0.12950765491684338,,0.02490531825323911
2025-11-18 07:05:04.022743,0.19045243370124024,0.05886711587129244,0.009664750366928609,0.12950765491684338,,0.02490531825323911
2025-11-19 07:05:04.240211,0.18179526239329122,0.05949663132871349,0.009768103650982811,0.13089258892316968,,0.02517165171599417
2025-11-20 07:05:05.795439,0.1790998769181649,0.0586145051732176,0.009623276968737217,0.12895191138107873,,0.02479844449636129
2025-11-21 07:05:05.358950,0.18454390209534483,0.05871851430306427,0.009640353094532938,0.1291807314667414,,0.017941768259269634
2025-11-22 07:05:05.139303,0.1848837990269575,0.05882666332675921,0.009658108904393302,0.12941865931887025,,0.017974813794287534
2025-11-23 07:05:06.043116,0.18915919878656767,0.058467388715848195,0.00959912352051239,0.12862825517486604,,0.02074649277013968
2025-11-24 05:37:33.090116,0.1886157106646733,0.05829940147817175,0.009571543526267004,0.12825868325197787,,0.020686884395480297
2025-11-24 07:05:04.582046,0.1886157106646733,0.05829940147817175,0.009571543526267004,0.12825868325197787,,0.020686884395480297
2025-11-25 07:05:04.295819,0.18881356179879447,0.058360555465081926,0.009581583733073152,0.12839322202318024,,0.020708584197287133
2025-11-26 07:05:05.262212,0.18615785000249138,0.05753969909167916,0.009446816268783145,0.14065259777966016,,0.02041731258091841
2025-11-26 18:55:28.546278,0.18654239118155838,0.05765855727429986,0.009466330298765648,0.1409431400038441,,0.020459488065074142
2025-11-26 18:57:17.825840,0.18654239118155838,0.05765855727429986,0.009466330298765648,0.1409431400038441,,0.020459488065074142
2025-11-26 19:17:57.325537,0.18654239118155838,0.05765855727429986,0.009466330298765648,0.1409431400038441,,0.020459488065074142
2025-11-26 21:42:15.765414,0.18560579775026192,0.05736906475917186,0.009418801676878962,0.14023549163353122,,0.020356764914544852
2025-11-27 15:57:20.128131,0.18596907475018734,0.052691237845886404,0.009437236629113983,0.14050996758903042,,0.02039660819840764
2025-11-28 07:05:05.815992,0.18526170745372506,0.052490817111888764,0.009401340378248734,0.13997551229837005,,0.02031902597879565
2025-11-29 07:05:05.214822,0.18454061408224814,0.05228650732330364,0.009364747580293188,0.13943068619547636,,0.024132234149217065
2025-11-30 07:05:06.012470,0.18370271392216,0.05204910227794533,0.00932222727366185,0.13879760607452088,,0.024022662589820925
2025-11-30 08:01:37.626490,0.18370271392216,0.05204910227794533,0.00932222727366185,0.13879760607452088,,0.024022662589820925
2025-12-01 07:05:04.694032,0.18370271392216,0.05204910227794533,0.00932222727366185,0.13879760607452088,,0.024022662589820925
2025-12-01 10:02:55.692813,0.18370271392216,0.05204910227794533,0.00932222727366185,0.13879760607452088,,0.024022662589820925
2025-12-02 07:05:04.808036,0.18439820384766265,0.05224615775683775,0.009357520792269447,0.13932308735156732,,0.024113611272386655
2025-12-03 07:05:06.410356,0.18439820384766265,0.05224615775683775,0.009357520792269447,0.13932308735156732,,0.024113611272386655
2025-12-04 07:05:09.071631,0.18439820384766265,0.05224615775683775,0.009357520792269447,0.13932308735156732,,0.024113611272386655
2025-12-05 07:05:06.723845,0.18439820384766265,0.05224615775683775,0.009357520792269447,0.13932308735156732,,0.024113611272386655
2025-12-06 07:05:06.783343,0.18388169245451355,0.05209981286211217,0.00933130976634845,0.1389328342989658,,0.024046067474821006
2025-12-07 07:05:05.787140,0.18388169245451355,0.05209981286211217,0.00933130976634845,0.1389328342989658,,0.024046067474821006
2025-12-07 17:28:44.296555,0.18388169245451355,0.05209981286211217,0.00933130976634845,0.1389328342989658,,0.024046067474821006
2025-12-08 05:58:46.722893,0.185142278670654,0.04842182672924797,0.009395279813137664,0.13988527721782745,,0.024210913364623984
2025-12-08 06:01:05.385083,0.185142278670654,0.04842182672924797,0.009395279813137664,0.13988527721782745,,0.024210913364623984
2025-12-08 06:04:53.442087,0.185142278670654,0.04842182672924797,0.009395279813137664,0.13988527721782745,,0.024210913364623984
2025-12-08 06:05:47.213930,0.185142278670654,0.04842182672924797,0.009395279813137664,0.13988527721782745,,0.024210913364623984
2025-12-08 07:05:05.155611,0.185142278670654,0.04842182672924797,0.009395279813137664,0.13988527721782745,,0.024210913364623984
2025-12-09 07:05:06.959219,0.1849895322961361,0.04838187767745098,0.00938752850458004,0.13976986884596948,,0.02419093883872549
2025-12-10 07:05:05.725229,0.19106478872647265,0.04776619718161816,0.009268068109866209,0.13799123630245244,,0.02388309859080908
2025-12-11 07:05:07.832870,0.18804049468520234,0.04773335634316675,0.0092616960068831,0.13789636276914838,,0.023866678171583375
2025-12-12 07:05:06.923455,0.18704781372363727,0.04748136809907715,0.009212802765492582,0.13716839673066733,,0.023740684049538576
2025-12-12 18:00:14.020305,0.188098540315593,0.047748091003189,0.009264554970768014,0.1379389295647682,,0.0238740455015945
2025-12-13 07:05:04.753979,0.1885832540833339,0.0478711337288463,0.009288428932462714,0.13829438632777818,,0.02393556686442315
2025-12-14 07:05:07.342950,0.18733768914313612,0.04755495185941148,0.0092270802115276,0.1373809720382998,,0.02377747592970574
2025-12-15 07:05:04.487269,0.1865456205711855,0.0473538882988394,0.009188067878879286,0.1368001217522027,,0.0236769441494197
2025-12-16 07:05:05.750210,0.18630118938138418,0.04729184038142829,0.009176028730724891,0.13662087221301505,,0.023645920190714147
2025-12-17 07:05:10.070669,0.18259325002058846,0.04775515769769236,0.009265926120447772,0.13795934446000016,,0.02387757884884618
2025-12-18 07:05:07.333421,0.18709117921927804,0.047492376263355195,0.00921493867796444,0.13720019809413722,,0.023746188131677597
2025-12-19 07:05:07.074360,0.1865410932193849,0.05129880063533084,0.009187844889910002,0.1367968016942156,,0.023676369523998854
2025-12-20 07:05:08.714341,0.18635364775617097,0.051247253132947014,0.009178612501423346,0.1366593416878587,,0.02365257836905247
2025-12-21 07:05:08.415902,0.18615323091276545,0.051192138501010495,0.009168741224061581,0.136512369336028,,0.023627140846620234
2025-12-22 07:05:06.495482,0.18529091833509367,0.055587275500528104,0.009126269112027002,0.1358800067790687,,0.02351769348099266
2025-12-23 07:05:06.261575,0.18529091833509367,0.055587275500528104,0.009126269112027002,0.1358800067790687,,0.02351769348099266
2025-12-24 07:05:07.401447,0.1802787563155644,0.053264178002325836,0.008744865045157974,0.13020132400568538,0.039060397201705614,0.02253484453944555
2025-12-25 07:05:06.261715,0.1802787563155644,0.053264178002325836,0.008744865045157974,0.13020132400568538,0.039060397201705614,0.02253484453944555
2025-12-26 07:05:05.600308,0.1802787563155644,0.053264178002325836,0.008744865045157974,0.13020132400568538,0.039060397201705614,0.02253484453944555
2025-12-27 07:05:06.268739,0.1802787563155644,0.053264178002325836,0.008744865045157974,0.13020132400568538,0.039060397201705614,0.02253484453944555
2025-12-28 07:05:05.149170,0.1802787563155644,0.053264178002325836,0.008744865045157974,0.13020132400568538,0.039060397201705614,0.02253484453944555
2025-12-29 07:05:07.927639,0.1809363972160144,0.05345848099564062,0.008776765536597713,0.13067628687823263,0.039202886063469784,0.0226170496520018
2025-12-30 07:05:07.406050,0.1809363972160144,0.05345848099564062,0.008776765536597713,0.13067628687823263,0.039202886063469784,0.0226170496520018
2025-12-31 07:05:06.419063,0.1809363972160144,0.05345848099564062,0.008776765536597713,0.13067628687823263,0.039202886063469784,0.0226170496520018
2026-01-01 07:05:04.145694,0.1809363972160144,0.05345848099564062,0.008776765536597713,0.13067628687823263,0.039202886063469784,0.0226170496520018
2026-01-02 07:05:05.724347,0.1809363972160144,0.05345848099564062,0.008776765536597713,0.13067628687823263,0.039202886063469784,0.0226170496520018
2026-01-03 07:05:07.406698,0.1809363972160144,0.05345848099564062,0.008776765536597713,0.13067628687823263,0.039202886063469784,0.0226170496520018
2026-01-04 07:05:05.132791,0.1809363972160144,0.05345848099564062,0.008776765536597713,0.13067628687823263,0.039202886063469784,0.0226170496520018
2026-01-05 07:05:06.687319,0.1852511263040167,0.053891236742986674,0.008847814987654528,0.11856072083457068,0.039520240278190226,0.022800138622032822
2026-01-06 07:05:06.032344,0.18611919972970936,0.054143767194097275,0.008889275210971194,0.119116287827014,0.03970542927567133,0.022906978428271923
2026-01-07 07:05:06.624374,0.18709593440775704,0.05442790819134751,0.008935925225445113,0.11974139802096452,0.03991379934032151,0.023027191927108562
2026-01-08 07:05:07.079316,0.18709593440775704,0.05442790819134751,0.008935925225445113,0.11974139802096452,0.03991379934032151,0.023027191927108562
2026-01-09 07:05:04.474465,0.18709593440775704,0.05442790819134751,0.008935925225445113,0.11974139802096452,0.03991379934032151,0.023027191927108562
2026-01-10 07:05:06.673519,0.17983579662573226,0.05395073898771968,0.008857584012909201,0.1186916257729833,0.05395073898771968,0.022825312648650634
2026-01-11 07:05:05.645892,0.17618949596071196,0.05285684878821358,0.008677990099557454,0.12920563037118876,0.05285684878821358,0.022362512948859596
2026-01-11 19:04:39.907680,0.1768272866846146,0.05304818600538438,0.008709403672525793,0.12967334356871735,0.05304818600538438,0.022443463309970314
2026-01-12 07:05:08.863370,0.1768272866846146,0.05304818600538438,0.008709403672525793,0.12967334356871735,0.05304818600538438,0.022443463309970314
2026-01-13 07:05:05.387442,0.17618949596071196,0.05285684878821358,0.008677990099557454,0.12920563037118876,0.05285684878821358,0.022362512948859596
2026-01-14 07:05:05.146809,0.17770336545163334,0.05331100963549001,0.008752553820752091,0.13031580133119777,0.05864211059903901,0.018916809870657744
2026-01-15 07:05:04.758814,0.17858612574656627,0.053575837723969885,0.008796033059159235,0.13096315888081525,0.05893342149636687,0.017333359263637313
2026-01-16 07:05:05.362725,0.17881071925649833,0.05364321577694949,0.008807095127558872,0.13112786078809877,0.059007537354644445,0.01735515804548366
2026-01-17 07:05:06.497745,0.174469137867488,0.053926824431769015,0.00885365774252924,0.1318211263887687,0.059319506874945915,0.0174469137867488
2026-01-18 07:05:06.302728,0.17431778474935472,0.053880042558891464,0.008845977136534419,0.13170677069951245,0.05926804681478061,0.01743177847493547
2026-01-19 07:05:07.060394,0.16991656380320233,0.05406436121010984,0.008876238407629973,0.1321573274024907,0.059470797331120824,0.01749141097974142
2026-01-20 07:05:06.605536,0.1702595676053277,0.05417349878351336,0.008894156516696223,0.1324241081374771,0.0595908486618647,0.017526720194666088
2026-01-21 07:05:05.807234,0.1702595676053277,0.05417349878351336,0.008894156516696223,0.1324241081374771,0.0595908486618647,0.017526720194666088
2026-01-22 07:05:06.692097,0.1702595676053277,0.05417349878351336,0.008894156516696223,0.1324241081374771,0.0595908486618647,0.017526720194666088
2026-01-22 09:26:56.183163,0.1702595676053277,0.05417349878351336,0.008894156516696223,0.1324241081374771,0.0595908486618647,0.017526720194666088
2026-01-23 07:05:04.855124,0.17047854749891006,0.04589807048047579,0.008905595764868436,0.1325944258324856,0.05966749162461853,0.01754926224253486
2026-01-24 07:05:08.387478,0.17093550506238045,0.04602109751679474,0.008929466682363158,0.13294983727074036,0.05982742677183316,0.017596301991715635
2026-01-25 07:05:05.166170,0.16164510411379826,0.04662839541744181,0.009047300603384231,0.13470425342816522,0.06061691404267436,0.016838031678520653
2026-01-26 07:05:05.790554,0.16810279923092575,0.04655154440241021,0.00903238921240795,0.1344822393847406,0.06051700772313327,0.016810279923092575
2026-01-26 20:58:16.072281,0.16810279923092575,0.04655154440241021,0.00903238921240795,0.1344822393847406,0.06051700772313327,0.016810279923092575
2026-01-27 07:05:05.175991,0.16810279923092575,0.04655154440241021,0.00903238921240795,0.1344822393847406,0.06051700772313327,0.016810279923092575
2026-01-28 07:05:08.987129,0.1673061926101299,0.04633094564588213,0.008989586468603995,0.1338449540881039,0.060230229339646765,0.01942910623859573
2026-01-29 07:05:05.814706,0.1673665042942598,0.046347647343025794,0.00899282709640799,0.13389320343540784,0.06025194154593353,0.01673665042942598
2026-01-29 07:21:09.762591,0.1673665042942598,0.046347647343025794,0.00899282709640799,0.13389320343540784,0.06025194154593353,0.01673665042942598
2026-01-30 07:05:09.822447,0.16747629400023772,0.04637805064621968,0.008998726244788893,0.13398103520019017,0.06029146584008559,0.01674762940002377
2026-01-31 07:05:05.333264,0.16702512064201086,0.04625311033163378,0.008974484094197599,0.13362009651360868,0.060129043431123914,0.019396465622943195
2026-02-01 07:05:06.455686,0.16702512064201086,0.04625311033163378,0.008974484094197599,0.13362009651360868,0.060129043431123914,0.019396465622943195
2026-02-02 07:05:06.674266,0.15077742977966538,0.046393055316820114,0.009001637598785993,0.15077742977966538,0.06031097191186615,0.019455152229634242
2026-02-02 16:25:16.138056,0.15077742977966538,0.046393055316820114,0.009001637598785993,0.15077742977966538,0.06031097191186615,0.019455152229634242
2026-02-03 07:05:05.445652,0.14484788150296724,0.046797007870189415,0.009080016452424811,0.14484788150296724,0.06083611023124624,0.019624551687498788
2026-02-04 07:05:05.986986,0.1509966979872458,0.04646052245761409,0.009014728238044525,0.14380637903547216,0.060398679194898316,0.0194834449015801
2026-02-05 07:05:05.872556,0.150755302940077,0.04638624705848523,0.009000316593437432,0.1435764789905495,0.0603021211760308,0.01945229715355832
2026-02-05 15:47:14.667049,0.150755302940077,0.04638624705848523,0.009000316593437432,0.1435764789905495,0.0603021211760308,0.01945229715355832
2026-02-06 07:05:05.790099,0.1499273781302223,0.046131500963145326,0.008950888246580435,0.14278797917164027,0.05997095125208892,0.019345468145835133
2026-02-07 07:05:05.487847,0.15131755194527338,0.040351347185406235,0.009033883698225277,0.13978526738593383,0.06052702077810936,0.01952484541229334
2026-02-08 07:05:07.883127,0.14515790369227094,0.04064421303383586,0.009099450679216985,0.14079981420497412,0.0609663195507538,0.019666554693791548
2026-02-09 06:01:46.793995,0.1496677300972468,0.03991139469259914,0.00893538687147742,0.1382611825378723,0.059867092038898714,0.02302580463034566
2026-02-09 07:05:07.457660,0.1496677300972468,0.03991139469259914,0.00893538687147742,0.1382611825378723,0.059867092038898714,0.02302580463034566
2026-02-10 07:05:05.594566,0.15806839623277844,0.03951709905819461,0.008847111729446553,0.13689526232630925,0.05927564858729192,0.02279832637972766
2026-02-11 07:05:05.057553,0.15806839623277844,0.03951709905819461,0.008847111729446553,0.13689526232630925,0.05927564858729192,0.02279832637972766
2026-02-12 07:30:48.479725,0.15806839623277844,0.03951709905819461,0.008847111729446553,0.13689526232630925,0.05927564858729192,0.02279832637972766
2026-02-12 07:31:10.710633,0.15806839623277844,0.03951709905819461,0.008847111729446553,0.13689526232630925,0.05927564858729192,0.02279832637972766
2026-02-13 06:14:11.770924,0.15806839623277844,0.03951709905819461,0.008847111729446553,0.13689526232630925,0.05927564858729192,0.02279832637972766
2026-02-13 07:05:08.087403,0.15806839623277844,0.03951709905819461,0.008847111729446553,0.13689526232630925,0.05927564858729192,0.02279832637972766
2026-02-13 10:56:27.101662,0.15806839623277844,0.03951709905819461,0.008847111729446553,0.13689526232630925,0.05927564858729192,0.02279832637972766
2026-02-13 17:44:22.714666,0.15806839623277844,0.03951709905819461,0.008847111729446553,0.13689526232630925,0.05927564858729192,0.02279832637972766
2026-02-14 07:05:05.762242,0.15806839623277844,0.03951709905819461,0.008847111729446553,0.13689526232630925,0.05927564858729192,0.02279832637972766
2026-02-15 07:05:06.817459,0.15806839623277844,0.03951709905819461,0.008847111729446553,0.13689526232630925,0.05927564858729192,0.02279832637972766
2026-02-15 20:36:38.432802,0.1571132179868495,0.04532112057312967,0.008793650260457994,0.1360680294343385,0.05891745674506857,0.022660560286564834
2026-02-15 20:38:37.964934,0.1571132179868495,0.04532112057312967,0.008793650260457994,0.1360680294343385,0.05891745674506857,0.022660560286564834
2026-02-15 20:42:01.076381,0.1571132179868495,0.04532112057312967,0.008793650260457994,0.1360680294343385,0.05891745674506857,0.022660560286564834
2026-02-16 07:05:04.997746,0.1571132179868495,0.04532112057312967,0.008793650260457994,0.1360680294343385,0.05891745674506857,0.022660560286564834
2026-02-17 07:05:05.342196,0.15813020772636097,0.04561448299798874,0.008850571327967963,0.1369487942202895,0.05929882789738536,0.02280724149899437
2026-02-18 07:05:05.717590,0.15596864914691094,0.04499095648468585,0.016246734286136554,0.13507677466533857,0.058488243430091603,0.022495478242342926
2026-02-19 06:17:36.991454,0.15632767668282052,0.04509452212004439,0.016284132987793805,0.13538771075302009,0.0586228787560577,0.022547261060022195
2026-02-19 07:05:07.191740,0.15632767668282052,0.04509452212004439,0.016284132987793805,0.13538771075302009,0.0586228787560577,0.022547261060022195
2026-02-20 06:13:21.903867,0.159172888581037,0.03979322214525925,0.016580509227191356,0.13785180881729533,0.054263484743535345,0.022957628160726495
2026-02-20 07:05:04.753615,0.159172888581037,0.03979322214525925,0.016580509227191356,0.13785180881729533,0.054263484743535345,0.022957628160726495
2026-02-20 13:18:17.805540,0.159172888581037,0.03979322214525925,0.016580509227191356,0.13785180881729533,0.054263484743535345,0.022957628160726495
2026-02-21 07:05:07.662803,0.159172888581037,0.03979322214525925,0.016580509227191356,0.13785180881729533,0.054263484743535345,0.022957628160726495
2026-02-22 10:41:26.976062,0.159172888581037,0.03979322214525925,0.016580509227191356,0.13785180881729533,0.054263484743535345,0.022957628160726495
2026-02-23 07:05:06.262382,0.1597644713757369,0.039941117843934226,0.016642132434972593,0.13836414957482987,0.05446516069627395,0.019326347343839142
2026-02-24 07:05:05.474643,0.15889902528109526,0.039724756320273814,0.01655198180011409,0.13761462928501322,0.059587134480410725,0.01922165628400346
2026-02-24 20:29:05.639374,0.15889902528109526,0.039724756320273814,0.01655198180011409,0.13761462928501322,0.059587134480410725,0.01922165628400346
2026-02-25 07:05:06.283066,0.15972942259151593,0.03993235564787898,0.016638481519949577,0.1331078521595966,0.05989853347181848,0.019322107571554347
2026-02-26 07:05:06.866917,0.15972942259151593,0.03993235564787898,0.016638481519949577,0.1331078521595966,0.05989853347181848,0.019322107571554347
2026-02-27 07:05:06.580274,0.1587541262484511,0.04579445949474551,0.01653688815088032,0.13229510520704257,0.059532797343169165,0.01920412817521586
2026-02-28 07:05:05.119778,0.1587541262484511,0.04579445949474551,0.01653688815088032,0.13229510520704257,0.059532797343169165,0.01920412817521586
2026-03-01 07:05:05.782396,0.1587541262484511,0.04579445949474551,0.01653688815088032,0.13229510520704257,0.059532797343169165,0.01920412817521586
2026-03-02 07:05:07.215937,0.1587541262484511,0.04579445949474551,0.01653688815088032,0.13229510520704257,0.059532797343169165,0.01920412817521586
2026-03-03 07:05:05.026197,0.1460943971987254,0.04719972832574206,0.0170443463398513,0.12271929364692935,0.0645891019194365,0.019793434459182153
2026-03-04 07:05:05.409069,0.146502663949623,0.04733162989141666,0.01709197746078935,0.1118747615615303,0.0683679098431574,0.01984874801898118
2026-03-05 07:05:06.194809,0.13885428014224857,0.04624915638584126,0.014664366658925277,0.1336086740035414,0.0707340038842278,0.019394807516643107
2026-03-06 07:05:05.594812,0.14073461669454404,0.0468754530990289,0.01486294854359453,0.12187617805747514,0.07169186944557361,0.01965744807378631
2026-03-07 07:05:05.593632,0.13940208389467498,0.04643161717414944,0.01472222007960836,0.1341357829475428,0.0670678914737714,0.019471323331094924
2026-03-08 07:05:10.007056,0.13911762274758582,0.04633686973054205,0.01469217820724504,0.13386206811045478,0.06693103405522739,0.019431590532162795
2026-03-08 17:32:48.874377,0.13911762274758582,0.04633686973054205,0.01469217820724504,0.13386206811045478,0.06693103405522739,0.019431590532162795
2026-03-08 17:37:30.749827,0.13911762274758582,0.04633686973054205,0.01469217820724504,0.13386206811045478,0.06693103405522739,0.019431590532162795
2026-03-08 21:03:11.625692,0.13911762274758582,0.04633686973054205,0.01469217820724504,0.13386206811045478,0.06693103405522739,0.019431590532162795
2026-03-09 07:05:11.058056,0.13857204801436512,0.046155151377092384,0.01463456019273661,0.13333710397826687,0.070590231517906,0.01935538606136132
2026-03-10 07:05:06.062010,0.13800989910841985,0.045967912549189076,0.014575191783889219,0.13800989910841985,0.07030386625170093,0.01927686655288574
2026-03-11 07:05:06.140308,0.1321831659930475,0.045755711305285676,0.014507908462651554,0.1321831659930475,0.08497489242410196,0.019187878934474635
2026-03-12 07:05:06.133146,0.13081556168336422,0.045282309813472234,0.016351945210420528,0.13081556168336422,0.09811167126252317,0.017313824340445264
2026-03-13 07:05:05.553817,0.13085900421919738,0.04529734761433757,0.016357375527399673,0.13085900421919738,0.09814425316439805,0.017319574087834952
2026-03-13 20:27:16.815460,0.1305984861118022,0.04520716826947,0.016324810763975274,0.1305984861118022,0.09794886458385166,0.01728509375009147
2026-03-14 07:05:05.346251,0.1305984861118022,0.04520716826947,0.016324810763975274,0.1305984861118022,0.09794886458385166,0.01728509375009147
2026-03-15 07:05:08.399754,0.1305984861118022,0.04520716826947,0.016324810763975274,0.1305984861118022,0.09794886458385166,0.01728509375009147
2026-03-16 07:05:06.969380,0.13158995431300216,0.0455503688006546,0.01644874428912527,0.13158995431300216,0.0911007376013092,0.01741631748260323
2026-03-17 07:05:05.781764,0.13158995431300216,0.0455503688006546,0.01644874428912527,0.13158995431300216,0.0911007376013092,0.01741631748260323
2026-03-18 07:05:05.288355,0.1328584829055493,0.04598947485192092,0.016607310363193663,0.1328584829055493,0.09197894970384184,0.01758421097279329
2026-03-19 06:45:14.126489,0.13357142402601627,0.040071427207804884,0.017678570826972745,0.13357142402601627,0.08586734401672474,0.017678570826972745
2026-03-19 07:05:06.175753,0.13357142402601627,0.040071427207804884,0.017678570826972745,0.13357142402601627,0.08586734401672474,0.017678570826972745
2026-03-20 07:05:09.365823,0.133702739211845,0.0401108217635535,0.01769595077803831,0.133702739211845,0.08595176092190035,0.016712842401480625
2026-03-21 07:05:04.988728,0.133702739211845,0.0401108217635535,0.01769595077803831,0.133702739211845,0.08595176092190035,0.016712842401480625
2026-03-22 07:05:05.719669,0.13333830383836323,0.04000149115150897,0.02307778335663979,0.13333830383836323,0.08000298230301794,0.016667287979795404
2026-03-23 07:05:05.737365,0.13383647305293297,0.040150941915879895,0.02316400495146917,0.13383647305293297,0.08030188383175979,0.016729559131616622
2026-03-24 07:05:06.223359,0.13373517504644494,0.04012055251393349,0.0231464726041924,0.13373517504644494,0.07522603596362529,0.016716896880805618
2026-03-25 07:05:06.954873,0.13333262982078517,0.03999978894623555,0.026086818877979707,0.13333262982078517,0.07499960427419167,0.016666578727598146
2026-03-26 07:05:04.970562,0.13369201506179787,0.04010760451853936,0.026157133381656105,0.13369201506179787,0.07520175847226131,0.016711501882724734
2026-03-27 07:05:05.434740,0.13295276677714918,0.04273481789265509,0.026012497847703098,0.13295276677714918,0.0747859313121464,0.016619095847143647
2026-03-28 07:05:04.729674,0.12086581145471528,0.04316636123382688,0.028777574155884587,0.1395679116105257,0.07109753614983251,0.016786918257599343
2026-03-29 07:05:10.826656,0.12056411209156283,0.043058611461272434,0.02870574097418162,0.139219528974091,0.07092006593621342,0.01674501556827261
2026-03-30 05:56:20.611700,0.11990608402011531,0.04282360143575546,0.028549067623836976,0.1384596813165304,0.07494130251257207,0.01665362278057157
2026-03-30 07:05:05.161569,0.11990608402011531,0.04282360143575546,0.028549067623836976,0.1384596813165304,0.07494130251257207,0.01665362278057157
2026-03-31 07:05:04.954036,0.11990608402011531,0.04282360143575546,0.028549067623836976,0.1384596813165304,0.07494130251257207,0.01665362278057157
2026-04-01 07:05:08.412755,0.12036851898013155,0.04298875677861841,0.028659171185745607,0.14329585592872804,0.07080501116478327,0.016717849858351605
2026-04-02 07:05:04.654244,0.12313048294200764,0.043975172479288435,0.029316781652858958,0.1368116477133418,0.0684058238566709,0.017101455964167726
2026-04-03 07:05:04.299047,0.12208655402824213,0.043602340724372184,0.029068227149581457,0.1356517266980468,0.07630409626765132,0.01695646583725585
2026-04-04 07:05:05.325134,0.12208655402824213,0.043602340724372184,0.029068227149581457,0.1356517266980468,0.07630409626765132,0.01695646583725585
2026-04-05 07:05:05.017143,0.1218382800021527,0.04351367142934025,0.029009114286226833,0.14069085450595,0.07166957647185453,0.016921983333632318
2026-04-06 07:05:04.908562,0.1220902323041344,0.04360365439433371,0.029069102929555807,0.14098179249900045,0.07181778370831435,0.01488905272001639
2026-04-06 17:38:29.980052,0.1218382800021527,0.04351367142934025,0.029009114286226833,0.14069085450595,0.07166957647185453,0.016921983333632318
2026-04-07 07:05:05.282933,0.12150664557773463,0.043395230563476654,0.028930153708984434,0.14030790482417393,0.07147449739866743,0.016875922996907586
2026-04-08 07:05:04.669664,0.12227186381551895,0.04366852279125676,0.029112348527504512,0.14119152865533366,0.07192462577383468,0.01491120290433158
2026-04-08 09:49:27.380838,0.12250766806220056,0.04375273859364305,0.029168492395762035,0.141463819933257,0.06805981559011141,0.017014953897527853
2026-04-09 07:05:04.247629,0.12316588982536271,0.04398781779477239,0.029325211863181593,0.13685098869484744,0.06842549434742372,0.01710637358685593
2026-04-09 15:54:51.836174,0.12269715211076099,0.04382041146812892,0.02921360764541928,0.13633016901195663,0.06816508450597832,0.01704127112649458
2026-04-10 07:05:07.007177,0.12216268882266965,0.043629531722382014,0.029086354481588007,0.13573632091407736,0.06786816045703868,0.01970365948752736
2026-04-10 11:57:12.846301,0.12216268882266965,0.043629531722382014,0.029086354481588007,0.13573632091407736,0.06786816045703868,0.01970365948752736
2026-04-11 07:05:04.589170,0.12035821831147749,0.04298507796838481,0.028656718645589874,0.1337313536794194,0.07522388644467343,0.019412615856689915
2026-04-11 19:03:41.506117,0.12113705593024146,0.04326323426080052,0.028842156173867012,0.13459672881137938,0.07571065995640092,0.019538234827458298
2026-04-12 07:05:05.193696,0.12113705593024146,0.04326323426080052,0.028842156173867012,0.13459672881137938,0.07571065995640092,0.019538234827458298
2026-04-12 16:59:50.747704,0.12216474184451387,0.043630264944469234,0.029086843296312823,0.13573860204945984,0.06786930102472992,0.01970399062008288
2026-04-13 06:27:23.923674,0.12195865703291146,0.040652885677637154,0.029037775484026536,0.13550961892545715,0.06775480946272858,0.019670751134340556
2026-04-13 07:05:05.169559,0.12195865703291146,0.040652885677637154,0.029037775484026536,0.13550961892545715,0.06775480946272858,0.019670751134340556
2026-04-14 06:33:51.678759,0.12215410905086127,0.04071803635028709,0.02908431167877649,0.1357267878342903,0.06429163634255856,0.01970227565336472
2026-04-14 07:05:04.871702,0.12215410905086127,0.04071803635028709,0.02908431167877649,0.1357267878342903,0.06429163634255856,0.01970227565336472
2026-04-15 07:05:04.840347,0.1343006346195327,0.04029019038585981,0.028778707418471293,0.1343006346195327,0.06715031730976635,0.019495253412512813
2026-04-16 07:05:05.776533,0.1343006346195327,0.04029019038585981,0.028778707418471293,0.1343006346195327,0.06715031730976635,0.019495253412512813
2026-04-16 11:22:43.921248,0.1343006346195327,0.04029019038585981,0.028778707418471293,0.1343006346195327,0.06715031730976635,0.019495253412512813
2026-04-17 07:05:05.092673,0.1343006346195327,0.04029019038585981,0.028778707418471293,0.1343006346195327,0.06715031730976635,0.019495253412512813
2026-04-18 07:05:05.453858,0.1343006346195327,0.04029019038585981,0.028778707418471293,0.1343006346195327,0.06715031730976635,0.019495253412512813
2026-04-19 07:05:05.558861,0.1343006346195327,0.04029019038585981,0.028778707418471293,0.1343006346195327,0.06715031730976635,0.019495253412512813
2026-04-19 19:17:31.284918,0.1343006346195327,0.04029019038585981,0.028778707418471293,0.1343006346195327,0.06715031730976635,0.019495253412512813
2026-04-20 06:20:44.874749,0.1343006346195327,0.04029019038585981,0.028778707418471293,0.1343006346195327,0.06715031730976635,0.019495253412512813
2026-04-20 07:05:05.326131,0.1343006346195327,0.04029019038585981,0.028778707418471293,0.1343006346195327,0.06715031730976635,0.019495253412512813
2026-04-20 09:14:14.038030,0.1343006346195327,0.04029019038585981,0.028778707418471293,0.1343006346195327,0.06715031730976635,0.019495253412512813
2026-04-21 07:05:05.751748,0.1343006346195327,0.04029019038585981,0.028778707418471293,0.1343006346195327,0.06715031730976635,0.019495253412512813
2026-04-21 07:37:39.494398,0.1343006346195327,0.04029019038585981,0.028778707418471293,0.1343006346195327,0.06715031730976635,0.019495253412512813
2026-04-22 07:05:05.398747,0.1343006346195327,0.04029019038585981,0.028778707418471293,0.1343006346195327,0.06715031730976635,0.019495253412512813
2026-04-23 07:05:05.406335,0.1343006346195327,0.04029019038585981,0.028778707418471293,0.1343006346195327,0.06715031730976635,0.019495253412512813
2026-04-23 09:33:44.700998,0.1343006346195327,0.04029019038585981,0.028778707418471293,0.1343006346195327,0.06715031730976635,0.019495253412512813
2026-04-24 07:05:05.351683,0.1343006346195327,0.04029019038585981,0.028778707418471293,0.1343006346195327,0.06715031730976635,0.019495253412512813
2026-04-25 07:05:05.195375,0.1343006346195327,0.04029019038585981,0.028778707418471293,0.1343006346195327,0.06715031730976635,0.019495253412512813
2026-04-26 07:05:06.109485,0.1343006346195327,0.04029019038585981,0.028778707418471293,0.1343006346195327,0.06715031730976635,0.019495253412512813
2026-04-27 07:05:06.152383,0.1343006346195327,0.04029019038585981,0.028778707418471293,0.1343006346195327,0.06715031730976635,0.019495253412512813
2026-04-28 07:05:04.573110,0.1343006346195327,0.04029019038585981,0.028778707418471293,0.1343006346195327,0.06715031730976635,0.019495253412512813
2026-04-29 07:05:04.771389,0.1343006346195327,0.04029019038585981,0.028778707418471293,0.1343006346195327,0.06715031730976635,0.019495253412512813
2026-04-30 07:05:04.476753,0.1343006346195327,0.04029019038585981,0.028778707418471293,0.1343006346195327,0.06715031730976635,0.019495253412512813
2026-05-01 07:05:04.915783,0.1343006346195327,0.04029019038585981,0.028778707418471293,0.1343006346195327,0.06715031730976635,0.019495253412512813
2026-05-02 07:05:07.495944,0.1343006346195327,0.04029019038585981,0.028778707418471293,0.1343006346195327,0.06715031730976635,0.019495253412512813
2026-05-03 07:05:05.149994,0.1343006346195327,0.04029019038585981,0.028778707418471293,0.1343006346195327,0.06715031730976635,0.019495253412512813
2026-05-04 07:05:04.519161,0.1343006346195327,0.04029019038585981,0.028778707418471293,0.1343006346195327,0.06715031730976635,0.019495253412512813
2026-05-05 07:05:04.505389,0.13371279510920098,0.046285198307031115,0.03166881989428444,0.13371279510920098,0.06685639755460049,0.019409921870690464
2026-05-06 06:18:17.508674,0.13371279510920098,0.046285198307031115,0.03166881989428444,0.13371279510920098,0.06685639755460049,0.019409921870690464
2026-05-06 07:05:05.146300,0.13371279510920098,0.046285198307031115,0.03166881989428444,0.13371279510920098,0.06685639755460049,0.019409921870690464
2026-05-06 17:17:54.623533,0.13371279510920098,0.046285198307031115,0.03166881989428444,0.13371279510920098,0.06685639755460049,0.019409921870690464
2026-05-07 07:05:10.649497,0.13371279510920098,0.046285198307031115,0.03166881989428444,0.13371279510920098,0.06685639755460049,0.019409921870690464
2026-05-08 07:05:04.625084,0.13344290064014444,0.04619177329851154,0.0300246526440325,0.13344290064014444,0.07064624151537058,0.019370743641311288
2026-05-09 07:05:04.086582,0.13344154175534606,0.04289192413564695,0.030024346894952866,0.13344154175534606,0.07064552210577145,0.019370546383840555
2026-05-10 06:20:36.558342,0.1328140586132014,0.04269023312567188,0.029883163187970317,0.1328140586132014,0.07031332514816545,0.019279460121271172
2026-05-10 07:05:05.042242,0.1328140586132014,0.04269023312567188,0.029883163187970317,0.1328140586132014,0.07031332514816545,0.019279460121271172
2026-05-11 07:05:05.618615,0.1333337674913419,0.042857282407931324,0.02608704146569733,0.1333337674913419,0.07058846514247513,0.019354901732614147
2026-05-12 07:05:06.400367,0.13283932670009058,0.0426983550107434,0.025990303050017722,0.13283932670009058,0.0703267023706362,0.019283128069367987
2026-05-13 07:05:05.139386,0.1327588381210868,0.045954982426530046,0.02597455528456046,0.1327588381210868,0.07028409076998712,0.019271444243383565
2026-05-14 07:05:04.508319,0.13071248467223248,0.045246629309618945,0.02557418178369766,0.13071248467223248,0.0784274908033395,0.018974392936291815
2026-05-15 07:05:04.352888,0.13071248467223248,0.045246629309618945,0.02557418178369766,0.13071248467223248,0.0784274908033395,0.018974392936291815
2026-05-16 07:05:05.633682,0.11966444798925843,0.04602478768817632,0.026014010432447485,0.13296049776584268,0.07977629865950561,0.019300717417622328
2026-05-17 07:05:04.477495,0.11922193474454944,0.04585459028636517,0.025917811900989005,0.1324688163828327,0.07948128982969961,0.022927295143182584
2026-05-18 07:05:06.755406,0.11922193474454944,0.04585459028636517,0.025917811900989005,0.1324688163828327,0.07948128982969961,0.022927295143182584
2026-05-19 06:27:30.796201,0.12013128613223426,0.046204340820090097,0.026115496985268313,0.12013128613223426,0.08580806152302446,0.023102170410045048
2026-05-19 07:05:04.609022,0.12013128613223426,0.046204340820090097,0.026115496985268313,0.12013128613223426,0.08580806152302446,0.023102170410045048
2026-05-19 10:15:55.594129,0.12013128613223426,0.046204340820090097,0.026115496985268313,0.12013128613223426,0.08580806152302446,0.023102170410045048
2026-05-20 07:05:05.631462,0.11982077614292176,0.04608491390112375,0.02604799481367864,0.11982077614292176,0.08558626867351553,0.023042456950561875
2026-05-21 07:05:04.757199,0.11952426495875466,0.045970871137982566,0.028458158323513012,0.11952426495875466,0.08537447497053904,0.022985435568991283
2026-05-21 09:44:51.613955,0.11952426495875466,0.045970871137982566,0.028458158323513012,0.11952426495875466,0.08537447497053904,0.022985435568991283
2026-05-21 09:47:35.712356,0.11952426495875466,0.045970871137982566,0.028458158323513012,0.11952426495875466,0.08537447497053904,0.022985435568991283
2026-05-22 07:05:05.495020,0.11952426495875466,0.045970871137982566,0.028458158323513012,0.11952426495875466,0.08537447497053904,0.022985435568991283
2026-05-23 07:05:05.192426,0.11940800481054475,0.045926155696363366,0.028430477335843984,0.11940800481054475,0.08529143200753196,0.022963077848181683
2026-05-24 07:05:04.984057,0.1189069294814673,0.045733434415948966,0.028311173686063642,0.13211881053496366,0.08493352105819092,0.022866717207974483
2026-05-25 07:05:04.130123,0.11888293361443905,0.045724205236322715,0.025844116003138923,0.1320921484604878,0.08491638115317074,0.022862102618161358
2026-05-25 20:30:54.845065,0.11888293361443905,0.045724205236322715,0.025844116003138923,0.1320921484604878,0.08491638115317074,0.022862102618161358
2026-05-26 06:25:39.909574,0.11888293361443905,0.045724205236322715,0.025844116003138923,0.1320921484604878,0.08491638115317074,0.022862102618161358
2026-05-26 07:05:05.255116,0.11888293361443905,0.045724205236322715,0.025844116003138923,0.1320921484604878,0.08491638115317074,0.022862102618161358
2026-05-27 07:05:07.185810,0.11860729921663356,0.04561819200639752,0.02823983314681751,0.1317858880184817,0.09123638401279505,0.02280909600319876
2026-05-28 07:05:06.066559,0.11883941476617244,0.04570746721775863,0.028295098753850577,0.13204379418463602,0.09141493443551726,0.022853733608879316
2026-05-29 07:05:04.624714,0.10942597540113295,0.046295604977402406,0.028659184033630058,0.12036857294124625,0.10030714411770521,0.023147802488701203
2026-05-30 07:05:06.836023,0.10942597540113295,0.046295604977402406,0.028659184033630058,0.12036857294124625,0.10030714411770521,0.023147802488701203
2026-05-31 07:05:11.775483,0.10942597540113295,0.046295604977402406,0.028659184033630058,0.12036857294124625,0.10030714411770521,0.023147802488701203
2026-06-01 07:05:06.046401,0.10942597540113295,0.046295604977402406,0.028659184033630058,0.12036857294124625,0.10030714411770521,0.023147802488701203
2026-06-02 07:05:05.662694,0.11905627837088216,0.04579087629649314,0.033071188436356154,0.11905627837088216,0.09158175259298627,0.025881799645843945
2026-06-03 07:05:04.184436,0.11905627837088216,0.04579087629649314,0.033071188436356154,0.11905627837088216,0.09158175259298627,0.025881799645843945
2026-06-04 07:05:06.053106,0.11860369776648784,0.04941820740270326,0.032945471601802175,0.11860369776648784,0.0912336136665291,0.025783412557932137
2026-06-05 07:05:04.509711,0.11860369776648784,0.04941820740270326,0.032945471601802175,0.11860369776648784,0.0912336136665291,0.025783412557932137
2026-06-06 07:05:05.710413,0.11893800555393762,0.04955750231414067,0.033038334876093776,0.11893800555393762,0.09149077350302894,0.02585608816389948
2026-06-07 07:05:04.860914,0.11870730604045505,0.04946137751685627,0.03491391354131031,0.11870730604045505,0.09131331233881158,0.025805936095751096
2026-06-08 07:05:05.599542,0.11029627339700646,0.050552458640294624,0.03568408845197268,0.11029627339700646,0.09332761595131316,0.02637519581232763
2026-06-08 16:55:31.306693,0.11029627339700646,0.050552458640294624,0.03568408845197268,0.11029627339700646,0.09332761595131316,0.02637519581232763
2026-06-09 07:05:04.540951,0.10155515981248506,0.05077757990624253,0.040622063924994026,0.11078744706816553,0.09374322444229391,0.02649265038586567
2026-06-09 07:22:50.214658,0.10155515981248506,0.05077757990624253,0.040622063924994026,0.11078744706816553,0.09374322444229391,0.02649265038586567
2026-06-10 07:05:05.547526,0.10230203890398293,0.051151019451991464,0.040920815561593174,0.11160222425889048,0.09443265129598426,0.02668748840973468
2026-06-11 07:05:06.617882,0.10182596767558252,0.05091298383779126,0.05091298383779126,0.11108287382790823,0.09399320093130696,0.026563295915369357
2026-06-14 10:23:45.496784,0.09919789970098877,0.04959894985049439,0.07002204684775679,0.10821589058289686,0.09156729203168196,0.025877712965475336
2026-06-14 10:24:30.383215,0.09919789970098877,0.04959894985049439,0.07002204684775679,0.10821589058289686,0.09156729203168196,0.025877712965475336
2026-06-14 10:29:07.764505,0.09919789970098877,0.04959894985049439,0.07002204684775679,0.10821589058289686,0.09156729203168196,0.025877712965475336
2026-06-15 06:13:15.723643,0.09919789970098877,0.04959894985049439,0.07002204684775679,0.10821589058289686,0.09156729203168196,0.025877712965475336
2026-06-15 07:05:05.097151,0.09919789970098877,0.04959894985049439,0.07002204684775679,0.10821589058289686,0.09156729203168196,0.025877712965475336
2026-06-16 07:05:04.390731,0.10126606639755731,0.050633033198778654,0.050633033198778654,0.1104720724336989,0.09347636898236061,0.026417234712406257
2026-06-17 07:05:06.226377,0.10126606639755731,0.050633033198778654,0.050633033198778654,0.1104720724336989,0.09347636898236061,0.026417234712406257
2026-06-18 07:05:06.266946,0.10919212958996354,0.05004639272873328,0.05004639272873328,0.10919212958996354,0.09239334042227683,0.028597938702133303
2026-06-19 07:05:04.069347,0.10919212958996354,0.05004639272873328,0.05004639272873328,0.10919212958996354,0.09239334042227683,0.028597938702133303
2026-06-20 07:05:05.281818,0.1094643430310131,0.05017115722254767,0.05017115722254767,0.1094643430310131,0.0926236748723957,0.026176255942198783
2026-06-21 07:05:05.282628,0.11966704729675169,0.04986126970697986,0.04986126970697986,0.1087882248152288,0.09205157484365514,0.026014575499293844
2026-06-22 07:05:06.092665,0.1211540366125991,0.050480848588582955,0.050480848588582955,0.110140033284181,0.08076935774173273,0.026337834046217194
2026-06-23 07:05:05.635562,0.1211540366125991,0.050480848588582955,0.050480848588582955,0.110140033284181,0.08076935774173273,0.026337834046217194
2026-06-24 07:05:04.743910,0.11235771070891214,0.051497284074918055,0.051497284074918055,0.11235771070891214,0.0823956545198689,0.026868148213000726
2026-06-25 07:05:07.317530,0.11184515628155069,0.051262363295710725,0.051262363295710725,0.11184515628155069,0.08201978127313717,0.026745580849936033
2026-06-26 07:05:04.746659,0.11150134740464132,0.05110478422712727,0.05110478422712727,0.11150134740464132,0.08176765476340364,0.026663365683718576
2026-06-27 07:05:06.056790,0.11150134740464132,0.05110478422712727,0.05110478422712727,0.11150134740464132,0.08176765476340364,0.026663365683718576
2026-06-28 07:05:04.707605,0.11184544463429621,0.05126249545738576,0.05126249545738576,0.11184544463429621,0.08201999273181722,0.0236596132880242
2026-06-29 07:05:05.151941,0.11184544463429621,0.05126249545738576,0.05126249545738576,0.11184544463429621,0.08201999273181722,0.0236596132880242
2026-06-30 07:05:04.836721,0.12491647616415867,0.05204853173506611,0.05678021643825394,0.09608959704935283,0.07348028009656392,0.024022399262338207
2026-07-01 07:05:05.255452,0.12434541765677468,0.051810590690322775,0.056520644389443035,0.09565032127444206,0.07771588603548417,0.023912580318610516
2026-07-01 08:23:47.474369,0.12434541765677468,0.051810590690322775,0.056520644389443035,0.09565032127444206,0.07771588603548417,0.023912580318610516
2026-07-02 07:05:04.844248,0.12434541765677468,0.051810590690322775,0.056520644389443035,0.09565032127444206,0.07771588603548417,0.023912580318610516
2026-07-02 18:46:35.514860,0.12421922410038773,0.051758010041828215,0.056463283681994415,0.09555324930799056,0.07763701506274233,0.02388831232699764
2026-07-03 07:05:07.065521,0.12309365719233407,0.05595166236015185,0.05595166236015185,0.09468742860948774,0.08206243812822271,0.026759490693985664
2026-07-04 07:05:10.331643,0.12309365719233407,0.05595166236015185,0.05595166236015185,0.09468742860948774,0.08206243812822271,0.026759490693985664
2026-07-05 07:05:09.688597,0.1227147589864365,0.05577943590292568,0.05577943590292568,0.094395968451105,0.08180983932429099,0.02667712151879054
2026-07-06 07:05:04.480570,0.1227147589864365,0.05577943590292568,0.05577943590292568,0.094395968451105,0.08180983932429099,0.02667712151879054
2026-07-06 08:15:43.062456,0.1227147589864365,0.05577943590292568,0.05577943590292568,0.094395968451105,0.08180983932429099,0.02667712151879054
2026-07-07 07:05:04.513667,0.1245376849264776,0.05660803860294436,0.05660803860294436,0.09579821917421354,0.0732574617214574,0.02707340976662556
2026-07-08 07:05:04.141396,0.12411610406549789,0.056416410938862675,0.062058052032748945,0.0886543600467842,0.07757256504093618,0.026981761753369103
2026-07-09 07:05:05.285122,0.12411610406549789,0.056416410938862675,0.062058052032748945,0.0886543600467842,0.07757256504093618,0.026981761753369103
2026-07-10 07:05:05.841555,0.12327541918875343,0.05603428144943338,0.06163770959437671,0.09482724552981033,0.07704713699297089,0.026799004171468136
2026-07-11 07:05:05.513836,0.12256580676285105,0.06128290338142552,0.06128290338142552,0.09428138981757773,0.0766036292267819,0.02664474060061979
2026-07-12 07:05:05.330366,0.12409796648054788,0.06204898324027394,0.06204898324027394,0.08864140462896276,0.07756122905034242,0.023864993553951518
2026-07-13 07:05:06.004089,0.12262774344543444,0.06131387172271722,0.06131387172271722,0.09432903341956494,0.08175182896362294,0.023582258354891236
2026-07-14 07:05:04.654706,0.12206430622223638,0.06103215311111819,0.06103215311111819,0.09389562017095106,0.08137620414815758,0.023473905042737764
2026-07-15 07:05:07.285532,0.12312443112258445,0.061562215561292224,0.055965650510265655,0.09471110086352649,0.08208295408172296,0.023677775215881623
2026-07-16 07:05:06.099895,0.12271775575971647,0.061358877879858234,0.05578079807259839,0.09439827366132036,0.08765553982836889,0.02359956841533009
2026-07-17 07:05:05.726150,0.1347350805530209,0.060630786248859404,0.05511889658987218,0.09327813269055292,0.08661540892694199,0.02331953317263823
2026-07-18 07:05:06.037199,0.13432650255316178,0.06044692614892281,0.054951751044475285,0.09299527099834279,0.0863527516413183,0.023248817749585697
2026-07-19 07:05:05.674473,0.13396370264096757,0.06028366618843541,0.054803332898577646,0.09274410182836218,0.08611952312633629,0.023186025457090545
2026-07-20 07:05:05.276306,0.13396370264096757,0.06028366618843541,0.054803332898577646,0.09274410182836218,0.08611952312633629,0.023186025457090545
2026-07-21 07:05:05.991482,0.13404530287288072,0.06349514346610138,0.05483671481163302,0.09280059429660974,0.08617198041828046,0.023200148574152434
2026-07-22 07:05:05.877947,0.13445216943466348,0.06368786973220902,0.05500316022327143,0.09308227114707472,0.08643353749371224,0.02327056778676868
2026-07-23 07:05:06.581192,0.13445216943466348,0.06368786973220902,0.05500316022327143,0.09308227114707472,0.08643353749371224,0.02327056778676868
2026-07-24 07:05:05.860953,0.1336310052641195,0.06681550263205975,0.060133952368853785,0.09251377287515966,0.08590564624121969,0.023128443218789915
2026-07-25 07:05:04.957666,0.13262927904993074,0.07460396946558605,0.06282439533944088,0.09182027011149052,0.07957756742995845,0.02295506752787263
2026-07-26 07:05:12.644590,0.13357262855184132,0.07071492099803364,0.06327124510350378,0.09247335822819784,0.08014357713110479,0.02311833955704946
2026-07-27 07:05:06.454379,0.12005472619285873,0.0750342038705367,0.07062042717226984,0.08575337585204194,0.08003648412857248,0.023087447344780524
2026-07-28 07:05:04.772567,0.11918661041699224,0.07449163151062015,0.07945774027799482,0.08513329315499446,0.07945774027799482,0.02292050200326774
2026-07-28 12:16:53.109530,0.11856431348268161,0.08468879534477257,0.07904287565512107,0.08468879534477257,0.07904287565512107,0.02280082951590031
2026-07-28 12:40:08.036636,0.11856431348268161,0.08468879534477257,0.07904287565512107,0.08468879534477257,0.07904287565512107,0.02280082951590031
2026-07-29 07:05:11.601773,0.11923751893860225,0.0794916792924015,0.0794916792924015,0.0851696563847159,0.0794916792924015,0.022930292103577356
2026-07-30 07:05:04.955280,0.11888006018345292,0.08491432870246636,0.07925337345563527,0.08491432870246636,0.07925337345563527,0.02286155003527941
2026-07-31 07:05:05.472644,0.11966124061020544,0.07977416040680363,0.07977416040680363,0.09204710816169649,0.0747882753813784,0.023011777040424123
2026-08-01 07:05:04.727818,0.11923524230144589,0.07949016153429725,0.08516803021531848,0.09171941715495838,0.07452202643840368,0.022929854288739594
2026-08-02 07:05:04.572364,0.11886556128850952,0.079243707525673,0.08490397234893536,0.09143504714500732,0.07429097580531845,0.02285876178625183
2026-08-03 07:05:05.936226,0.11819653758458805,0.08442609827470575,0.08442609827470575,0.0909204135266062,0.07387283599036754,0.02273010338165155
2026-08-04 07:05:05.780808,0.11819653758458805,0.08442609827470575,0.08442609827470575,0.0909204135266062,0.07387283599036754,0.02273010338165155
2026-08-05 07:05:04.942869,0.11954220180830037,0.07969480120553357,0.07969480120553357,0.09195553985253875,0.07471387613018772,0.022988884963134688
2026-08-06 07:05:06.922395,0.11956560949840923,0.07472850593650578,0.07971040633227282,0.0919735457680071,0.07472850593650578,0.025992523804002007
2026-08-06 14:42:40.650617,0.11891459776033812,0.07432162360021131,0.07927639850689207,0.0914727675079524,0.07432162360021131,0.02585099951311698
2026-08-07 07:05:06.721863,0.11891459776033812,0.07432162360021131,0.07927639850689207,0.0914727675079524,0.07432162360021131,0.02585099951311698
2026-08-08 07:05:04.555109,0.11824502350286172,0.07390313968928856,0.08446073107347264,0.0909577103868167,0.07390313968928856,0.025705439891926456
2026-08-09 07:05:05.128784,0.11924377453583014,0.07014339678578244,0.08517412466845009,0.09172598041217703,0.07452735908489383,0.025922559681702203
2026-08-10 07:05:12.977906,0.1188043613695453,0.0698849184526737,0.08486025812110377,0.09138797028426561,0.0742527258559658,0.02582703508033593
2026-08-11 07:05:04.315813,0.1197019266389899,0.07041289802293522,0.08550137617070706,0.08550137617070706,0.07481370414936868,0.0260221579649978
2026-08-12 07:05:04.922418,0.11999932104736963,0.07058783591021743,0.08571380074812116,0.08571380074812116,0.07499957565460602,0.026086808923341222
2026-08-13 07:05:05.131309,0.11999932104736963,0.07058783591021743,0.08571380074812116,0.08571380074812116,0.07499957565460602,0.026086808923341222
2026-08-14 07:05:08.000612,0.12222224178013791,0.08148149452009193,0.07189543634125758,0.07638890111258619,0.07638890111258619,0.026570052560899542
2026-08-15 07:05:05.367853,0.13473959393629073,0.08084375636177443,0.06063281727133083,0.07579102158916354,0.08084375636177443,0.026362094465796012
2026-08-16 07:05:06.831358,0.13524830894886847,0.08114898536932108,0.06086173902699082,0.07607717378373852,0.08114898536932108,0.02646162566390905
2026-08-17 05:55:42.036306,0.13524830894886847,0.08114898536932108,0.06086173902699082,0.07607717378373852,0.08114898536932108,0.02646162566390905
2026-08-17 07:05:04.798627,0.13524830894886847,0.08114898536932108,0.06086173902699082,0.07607717378373852,0.08114898536932108,0.02646162566390905
2026-08-18 07:05:04.636489,0.1338111362803043,0.08028668176818259,0.07084118979545523,0.07526876415767117,0.08028668176818259,0.02618043970701606
2026-08-19 07:05:05.028664,0.13500664015768649,0.08100398409461189,0.06750332007884324,0.08100398409461189,0.07594123508869864,0.026414342639547353
2026-08-20 07:05:04.705349,0.133475522097802,0.0800853132586812,0.07066351169883636,0.0800853132586812,0.07507998118001363,0.026114776062613438
2026-08-21 07:05:04.864153,0.13387893190467035,0.08032735914280222,0.07087708159659019,0.08032735914280222,0.07530689919637708,0.026193704068305068
2026-08-22 07:05:04.695632,0.13455445716749273,0.08073267430049563,0.07123471261808438,0.07568688215671467,0.07568688215671467,0.026325872054509446
2026-08-23 07:05:06.880930,0.13496442518935178,0.08097865511361108,0.07145175451200977,0.07591748916901038,0.07591748916901038,0.026406083189221004
2026-08-24 07:05:04.903453,0.13496442518935178,0.08097865511361108,0.07145175451200977,0.07591748916901038,0.07591748916901038,0.026406083189221004
2026-08-25 07:05:04.572614,0.13493966566242374,0.08096379939745425,0.07143864652716551,0.07590356193511337,0.07590356193511337,0.026401238933952475
2026-08-26 07:05:04.939399,0.1343788627728594,0.08638641178255248,0.07114175087974911,0.07558811030973342,0.07558811030973342,0.026291516629472496
2026-08-27 07:05:07.359738,0.1343788627728594,0.08638641178255248,0.07114175087974911,0.07558811030973342,0.07558811030973342,0.026291516629472496
2026-08-28 07:05:10.992446,0.13349179529608712,0.09241739674344493,0.07067212692145788,0.075089134854049,0.075089134854049,0.026117959949234437
2026-08-29 07:05:05.340763,0.13551702676933583,0.08711808863743017,0.07174430828964838,0.0762283275577514,0.06775851338466791,0.026514200889652662
2026-08-30 07:05:05.825403,0.13551702676933583,0.08711808863743017,0.07174430828964838,0.0762283275577514,0.06775851338466791,0.026514200889652662
2026-08-31 07:05:04.231470,0.13478894062363314,0.09331542043174602,0.07135885091839402,0.07581877910079364,0.06739447031181657,0.02637174925244996
2026-09-01 07:05:04.712071,0.13569338960224328,0.08723146474429924,0.07183767684824643,0.07632753165126184,0.06784669480112164,0.026548706661308468
2026-09-02 07:05:05.430527,0.1354330216152281,0.08706408532407521,0.07169983497276783,0.07618107465856581,0.07169983497276783,0.02649776509863159
2026-09-03 07:05:05.174536,0.13408383377042196,0.08619675028098554,0.07542215649586236,0.07542215649586236,0.07098555905492927,0.02623379356377821
2026-09-04 07:05:04.836662,0.13482882135020421,0.08667567086798843,0.07584121200948987,0.07584121200948987,0.07137996424422577,0.026379552003300825
2026-09-05 07:05:06.374034,0.13482882135020421,0.08667567086798843,0.07584121200948987,0.07584121200948987,0.07137996424422577,0.026379552003300825
